"","X","keywordsvec","Freq"
"2548",2548,"sale",225
"1426",1426,"house",213
"315",315,"bedroom",207
"1168",1168,"fresh",188
"655",655,"christmas",163
"625",625,"chicken",153
"3244",3244,"with",130
"900",900,"detached",100
"1057",1057,"eve",84
"1963",1963,"new",78
"836",836,"curry",72
"2564",2564,"samosas",67
"235",235,"baby",65
"1467",1467,"indian",61
"2053",2053,"order",59
"2450",2450,"rent",58
"429",429,"box",57
"224",224,"available",55
"936",936,"dog",55
"2474",2474,"rice",54
"511",511,"cakes",53
"431",431,"boxes",50
"3283",3283,"your",50
"2562",2562,"samosa",46
"1815",1815,"meat",45
"3051",3051,"treats",45
"1322",1322,"halal",43
"1604",1604,"kitchen",43
"1639",1639,"lamb",42
"2633",2633,"semi",41
"370",370,"biryani",40
"2901",2901,"sweet",40
"510",510,"cake",39
"647",647,"chocolate",39
"880",880,"delicious",39
"2440",2440,"reindeer",37
"1163",1163,"free",32
"1172",1172,"freshly",32
"1422",1422,"hot",32
"2886",2886,"sunday",32
"210",210,"at",31
"2498",2498,"rolls",31
"2534",2534,"s",31
"1127",1127,"flat",30
"2645",2645,"set",30
"1646",1646,"large",29
"436",436,"brand",28
"1763",1763,"maker",28
"442",442,"bread",27
"2786",2786,"special",27
"1993",1993,"now",26
"3271",3271,"x",26
"610",610,"cheese",25
"2179",2179,"personalised",25
"2509",2509,"roti",25
"316",316,"bedrooms",24
"1147",1147,"foods",24
"1940",1940,"n",24
"2680",2680,"shop",24
"3273",3273,"xmas",24
"397",397,"board",23
"756",756,"cookies",23
"886",886,"delivery",23
"1197",1197,"fudge",23
"1340",1340,"hand",23
"497",497,"by",22
"883",883,"delivered",22
"961",961,"double",22
"1117",1117,"fish",22
"2117",2117,"paratha",22
"2817",2817,"squeeze",22
"321",321,"beef",21
"384",384,"blender",21
"734",734,"cones",21
"1184",1184,"from",21
"2043",2043,"only",21
"2859",2859,"storage",21
"1503",1503,"items",20
"1542",1542,"kababs",20
"1569",1569,"kebab",20
"2217",2217,"pies",20
"3140",3140,"veg",20
"526",526,"candles",19
"650",650,"chopping",19
"1187",1187,"frozen",19
"1754",1754,"magic",19
"2503",2503,"room",19
"2657",2657,"shami",19
"2955",2955,"terraced",19
"3205",3205,"wax",19
"149",149,"aloo",18
"999",999,"each",18
"1246",1246,"glass",18
"1541",1541,"kabab",18
"1738",1738,"lunch",18
"2129",2129,"party",18
"2941",2941,"tea",18
"3251",3251,"wooden",18
"373",373,"biscuits",17
"507",507,"cafe",17
"802",802,"cream",17
"1237",1237,"gift",17
"1571",1571,"kebabs",17
"2572",2572,"santa",17
"2914",2914,"tablet",17
"21",21,"*",16
"109",109,"accessories",16
"1053",1053,"etc",16
"2252",2252,"play",16
"2295",2295,"pots",16
"2299",2299,"pouches",16
"3044",3044,"tray",16
"3142",3142,"vegetable",16
"244",244,"bags",15
"289",289,"bathroom",15
"411",411,"book",15
"658",658,"chutney",15
"1403",1403,"holiday",15
"1765",1765,"making",15
"1831",1831,"melts",15
"2059",2059,"organic",15
"2079",2079,"pack",15
"2824",2824,"stainless",15
"2842",2842,"steel",15
"3008",3008,"today",15
"3034",3034,"traditional",15
"3108",3108,"up",15
"3132",3132,"van",15
"178",178,"apartment",14
"249",249,"bakes",14
"414",414,"books",14
"478",478,"bundle",14
"560",560,"catering",14
"752",752,"cooked",14
"1106",1106,"fill",14
"1813",1813,"meal",14
"1814",1814,"meals",14
"2203",2203,"pickle",14
"2236",2236,"pizza",14
"2351",2351,"property",14
"3227",3227,"white",14
"516",516,"call",13
"955",955,"door",13
"1239",1239,"gifts",13
"1336",1336,"hampers",13
"1345",1345,"handmade",13
"1500",1500,"italian",13
"1509",1509,"jam",13
"1762",1762,"make",13
"1822",1822,"meenos",13
"1938",1938,"mutton",13
"2211",2211,"pie",13
"2339",2339,"processor",13
"2483",2483,"roast",13
"2643",2643,"serving",13
"2808",2808,"spring",13
"2836",2836,"station",13
"29",29,"%",12
"34",34,"|",12
"204",204,"asian",12
"218",218,"authentic",12
"461",461,"brownies",12
"593",593,"chapli",12
"614",614,"chef",12
"864",864,"day",12
"915",915,"dinner",12
"1514",1514,"jams",12
"2042",2042,"onions",12
"2425",2425,"ready",12
"2640",2640,"service",12
"2775",2775,"soup",12
"2840",2840,"steamer",12
"3080",3080,"turkish",12
"3137",3137,"various",12
"3141",3141,"vegan",12
"3200",3200,"water",12
"3216",3216,"weekly",12
"3282",3282,"you",12
"2",2,"â€“",11
"254",254,"baklava",11
"287",287,"bath",11
"401",401,"body",11
"493",493,"butter",11
"509",509,"cage",11
"524",524,"candle",11
"572",572,"centre",11
"635",635,"chilli",11
"704",704,"collection",11
"749",749,"cook",11
"854",854,"daily",11
"934",934,"do",11
"1166",1166,"freezer",11
"1179",1179,"friendly",11
"1189",1189,"fruit",11
"1538",1538,"k",11
"1555",1555,"karachi",11
"1595",1595,"kids",11
"1709",1709,"little",11
"1857",1857,"mini",11
"1878",1878,"ml",11
"1880",1880,"mobile",11
"1894",1894,"more",11
"1951",1951,"natural",11
"2056",2056,"orders",11
"2212",2212,"piece",11
"2468",2468,"reusable",11
"2580",2580,"sauce",11
"2733",2733,"small",11
"2937",2937,"tasty",11
"2970",2970,"thermomix",11
"3120",3120,"used",11
"3265",3265,"wraps",11
"31",31,"+",10
"127",127,"afternoon",10
"271",271,"bar",10
"317",317,"beds",10
"537",537,"caravan",10
"640",640,"chinese",10
"742",742,"containers",10
"758",758,"cooking",10
"816",816,"crumpsall",10
"1177",1177,"fried",10
"1204",1204,"fun",10
"1332",1332,"halwa",10
"1416",1416,"honey",10
"1498",1498,"is",10
"1583",1583,"kg",10
"1587",1587,"khana",10
"2120",2120,"park",10
"2420",2420,"raw",10
"2495",2495,"roll",10
"2598",2598,"school",10
"2981",2981,"tiffin",10
"3153",3153,"very",10
"3210",3210,"weaning",10
"18",18,"[hidden",9
"180",180,"apple",9
"225",225,"avent",9
"304",304,"be",9
"323",323,"beeswax",9
"357",357,"big",9
"369",369,"birthday",9
"457",457,"bromyard",9
"479",479,"bungalow",9
"659",659,"chutneys",9
"755",755,"cookie",9
"845",845,"cutting",9
"925",925,"dishes",9
"1175",1175,"friday",9
"1217",1217,"garden",9
"1338",1338,"hamster",9
"1477",1477,"information]",9
"1516",1516,"jar",9
"1590",1590,"kheer",9
"1707",1707,"litre",9
"1896",1896,"moroccan",9
"2039",2039,"one",9
"2171",2171,"perfect",9
"2546",2546,"salad",9
"2872",2872,"studio",9
"2876",2876,"style",9
"2903",2903,"sweets",9
"2923",2923,"taking",9
"3003",3003,"tm",9
"3213",3213,"wedding",9
"112",112,"achar",8
"232",232,"b",8
"273",273,"barbie",8
"312",312,"bed",8
"345",345,"best",8
"577",577,"chaat",8
"642",642,"chips",8
"693",693,"coconut",8
"753",753,"cooker",8
"831",831,"cupcakes",8
"893",893,"desi",8
"924",924,"dish",8
"1002",1002,"east",8
"1011",1011,"eco",8
"1040",1040,"end",8
"1176",1176,"fridge",8
"1202",1202,"full",8
"1323",1323,"haleem",8
"1365",1365,"healthy",8
"1445",1445,"i",8
"1539",1539,"ka",8
"1556",1556,"karahi",8
"1577",1577,"kenwood",8
"1630",1630,"l",8
"1671",1671,"lemon",8
"1691",1691,"like",8
"1834",1834,"mercedes",8
"1847",1847,"middle",8
"1854",1854,"mince",8
"1928",1928,"multi",8
"1939",1939,"my",8
"1976",1976,"night",8
"2033",2033,"old",8
"2075",2075,"own",8
"2137",2137,"pastry",8
"2205",2205,"pickles",8
"2251",2251,"platter",8
"2325",2325,"prices",8
"2390",2390,"quality",8
"2986",2986,"tikka",8
"3029",3029,"toy",8
"3030",3030,"toys",8
"3144",3144,"vegetarian",8
"3161",3161,"vintage",8
"124",124,"african",7
"305",305,"beaba",7
"390",390,"blue",7
"408",408,"bone",7
"409",409,"boneless",7
"488",488,"business",7
"492",492,"butchers",7
"522",522,"can",7
"558",558,"cat",7
"585",585,"chana",7
"631",631,"children",7
"696",696,"coffee",7
"741",741,"container",7
"754",754,"cookery",7
"841",841,"custom",7
"929",929,"dispenser",7
"1017",1017,"egg",7
"1023",1023,"elc",7
"1208",1208,"furniture",7
"1233",1233,"ghar",7
"1276",1276,"gosht",7
"1297",1297,"green",7
"1329",1329,"halloween",7
"1358",1358,"have",7
"1450",1450,"ideal",7
"1475",1475,"infantino",7
"1714",1714,"local",7
"1749",1749,"machine",7
"1773",1773,"man",7
"1832",1832,"menu",7
"1846",1846,"microwave",7
"1942",1942,"naan",7
"1991",1991,"not",7
"2073",2073,"oven",7
"2092",2092,"pakistani",7
"2093",2093,"pakora",7
"2109",2109,"panjeeri",7
"2135",2135,"pasties",7
"2155",2155,"peanut",7
"2183",2183,"pet",7
"2204",2204,"pickled",7
"2293",2293,"potato",7
"2323",2323,"price",7
"2445",2445,"removals",7
"2482",2482,"road",7
"2697",2697,"silicone",7
"2742",2742,"snack",7
"2921",2921,"takeaway",7
"2954",2954,"terrace",7
"3062",3062,"trotters",7
"3065",3065,"truffles",7
"40",40,"â¤",6
"230",230,"away",6
"246",246,"baked",6
"261",261,"balls",6
"284",284,"basket",6
"344",344,"bespoke",6
"398",398,"boards",6
"427",427,"bowl",6
"428",428,"bowls",6
"445",445,"breakfast",6
"454",454,"briyani",6
"483",483,"burger",6
"519",519,"camper",6
"549",549,"carrot",6
"574",574,"cereal",6
"611",611,"cheesecake",6
"612",612,"cheesecakes",6
"672",672,"cleaner",6
"720",720,"commercial",6
"916",916,"dinners",6
"982",982,"dry",6
"1060",1060,"every",6
"1073",1073,"extra",6
"1083",1083,"family",6
"1109",1109,"fillers",6
"1151",1151,"ford",6
"1203",1203,"fully",6
"1385",1385,"herefordshire",6
"1393",1393,"hire",6
"1499",1499,"it",6
"1518",1518,"jars",6
"1603",1603,"kit",6
"1733",1733,"low",6
"1812",1812,"me",6
"1907",1907,"motorhome",6
"2021",2021,"off",6
"2153",2153,"pcs",6
"2240",2240,"plain",6
"2247",2247,"plastic",6
"2292",2292,"pot",6
"2341",2341,"produce",6
"2380",2380,"puri",6
"2430",2430,"recipes",6
"2504",2504,"rooms",6
"2536",2536,"saag",6
"2587",2587,"saver",6
"2663",2663,"share",6
"2698",2698,"silver",6
"2743",2743,"snacks",6
"2749",2749,"soap",6
"2777",2777,"sourdough",6
"2803",2803,"sponge",6
"2827",2827,"stand",6
"2833",2833,"starter",6
"3013",3013,"tommee",6
"3037",3037,"trailer",6
"3049",3049,"treat",6
"3099",3099,"unicorn",6
"3129",3129,"vacuum",6
"3214",3214,"week",6
"3286",3286,"yummy",6
"82",82,"ğŸ¥˜",5
"152",152,"also",5
"241",241,"bag",5
"263",263,"bamboo",5
"301",301,"bbq",5
"309",309,"beautiful",5
"313",313,"bedding",5
"406",406,"bombay",5
"407",407,"bombs",5
"422",422,"bottles",5
"466",466,"bubble",5
"535",535,"car",5
"589",589,"chapati",5
"596",596,"character",5
"604",604,"che",5
"641",641,"chip",5
"724",724,"company",5
"771",771,"cornflake",5
"779",779,"cost",5
"865",865,"days",5
"947",947,"domestic",5
"978",978,"drizzle",5
"1025",1025,"electric",5
"1076",1076,"facebook",5
"1271",1271,"goodies",5
"1294",1294,"great",5
"1390",1390,"high",5
"1419",1419,"horse",5
"1446",1446,"ice",5
"1452",1452,"idli",5
"1483",1483,"inshaallah",5
"1488",1488,"insulated",5
"1495",1495,"iranian",5
"1536",1536,"just",5
"1572",1572,"keema",5
"1614",1614,"kofta",5
"1624",1624,"kunafa",5
"1633",1633,"ladoo",5
"1676",1676,"let",5
"1683",1683,"lids",5
"1728",1728,"lots",5
"1743",1743,"luxury",5
"1744",1744,"lydd",5
"1774",1774,"manchurian",5
"1788",1788,"marmalade",5
"1794",1794,"masala",5
"1841",1841,"metal",5
"1897",1897,"morocco",5
"1941",1941,"na",5
"1962",1962,"never",5
"1982",1982,"no",5
"2017",2017,"occasions",5
"2045",2045,"open",5
"2085",2085,"packs",5
"2087",2087,"page",5
"2127",2127,"parties",5
"2132",2132,"pasta",5
"2190",2190,"philips",5
"2220",2220,"pilau",5
"2249",2249,"plate",5
"2250",2250,"plates",5
"2283",2283,"portable",5
"2370",2370,"punjabi",5
"2578",2578,"saturday",5
"2589",2589,"savouries",5
"2596",2596,"scentsy",5
"2609",2609,"sea",5
"2661",2661,"shape",5
"2681",2681,"shopping",5
"2778",2778,"south",5
"2780",2780,"soy",5
"2794",2794,"spicy",5
"2795",2795,"spinach",5
"2838",2838,"steam",5
"2867",2867,"street",5
"2879",2879,"sugar",5
"2889",2889,"super",5
"2910",2910,"system",5
"2920",2920,"take",5
"2926",2926,"tandoori",5
"2950",2950,"teething",5
"2960",2960,"thai",5
"3019",3019,"top",5
"3054",3054,"triangle",5
"3091",3091,"uk",5
"3143",3143,"vegetables",5
"3163",3163,"visit",5
"3192",3192,"warmer",5
"3232",3232,"will",5
"3258",3258,"workshop",5
"5",5,"â€¼ï¸",4
"12",12,"""",4
"132",132,"airtight",4
"154",154,"aluminium",4
"159",159,"american",4
"201",201,"as",4
"245",245,"bake",4
"248",248,"bakery",4
"253",253,"baking",4
"280",280,"bars",4
"285",285,"baskets",4
"327",327,"bejgli",4
"330",330,"believe",4
"372",372,"biscuit",4
"378",378,"black",4
"417",417,"bora",4
"474",474,"buffets",4
"476",476,"built",4
"484",484,"burgers",4
"491",491,"butcher",4
"536",536,"caramel",4
"556",556,"casseroles",4
"582",582,"chalet",4
"622",622,"chewy",4
"629",629,"chiken",4
"645",645,"choc",4
"648",648,"chocolates",4
"653",653,"chorlton",4
"671",671,"clean",4
"673",673,"cleaning",4
"688",688,"cm",4
"702",702,"collect",4
"708",708,"colour",4
"722",722,"community",4
"732",732,"condition",4
"750",750,"cookbook",4
"767",767,"corn",4
"781",781,"cottage",4
"799",799,"crates",4
"899",899,"desserts",4
"917",917,"dinosaur",4
"938",938,"doggy",4
"940",940,"doing",4
"944",944,"dolls",4
"959",959,"dosa",4
"1005",1005,"easy",4
"1049",1049,"equipment",4
"1090",1090,"favours",4
"1100",1100,"fenugreek",4
"1134",1134,"flour",4
"1135",1135,"flower",4
"1148",1148,"foot",4
"1170",1170,"freshener",4
"1180",1180,"friends",4
"1193",1193,"fry",4
"1199",1199,"fuel",4
"1211",1211,"g",4
"1265",1265,"gold",4
"1266",1266,"golden",4
"1285",1285,"grade",4
"1341",1341,"handesh",4
"1432",1432,"https:",4
"1433",1433,"huge",4
"1444",1444,"hymer",4
"1447",1447,"icing",4
"1469",1469,"individual",4
"1581",1581,"key",4
"1600",1600,"king",4
"1647",1647,"lasagna",4
"1648",1648,"lasagne",4
"1651",1651,"late",4
"1661",1661,"learning",4
"1686",1686,"light",4
"1700",1700,"liquid",4
"1715",1715,"locally",4
"1723",1723,"london",4
"1745",1745,"m",4
"1781",1781,"marble",4
"1783",1783,"marco",4
"1797",1797,"masher",4
"1837",1837,"message",4
"1873",1873,"mithi",4
"1874",1874,"mix",4
"1875",1875,"mixed",4
"1876",1876,"mixer",4
"1879",1879,"mm",4
"1916",1916,"moving",4
"1925",1925,"mug",4
"1926",1926,"mugs",4
"1984",1984,"nom",4
"2002",2002,"nut",4
"2005",2005,"nutribullet",4
"2012",2012,"oak",4
"2029",2029,"oil",4
"2041",2041,"onion",4
"2064",2064,"original",4
"2134",2134,"pasteries",4
"2157",2157,"peas",4
"2208",2208,"picnic",4
"2215",2215,"pierogi",4
"2218",2218,"pig",4
"2288",2288,"post",4
"2289",2289,"postage",4
"2294",2294,"potatoes",4
"2313",2313,"prep",4
"2344",2344,"products",4
"2362",2362,"puff",4
"2403",2403,"rachelâ€™s",4
"2409",2409,"rainbow",4
"2429",2429,"recipe",4
"2451",2451,"rental",4
"2463",2463,"restaurant",4
"2517",2517,"royal",4
"2518",2518,"rrp",4
"2533",2533,"rustic",4
"2583",2583,"sausage",4
"2602",2602,"scottish",4
"2608",2608,"scrumptious",4
"2624",2624,"see",4
"2629",2629,"selection",4
"2632",2632,"selling",4
"2704",2704,"single",4
"2711",2711,"size",4
"2763",2763,"solid",4
"2770",2770,"somosa",4
"2791",2791,"spice",4
"2816",2816,"square",4
"2835",2835,"static",4
"2852",2852,"stocking",4
"2873",2873,"stuff",4
"2885",2885,"summer",4
"2895",2895,"surface",4
"2911",2911,"t",4
"2916",2916,"tagine",4
"2933",2933,"tarts",4
"2942",2942,"team",4
"2958",2958,"text",4
"2975",2975,"this",4
"2976",2976,"three",4
"3000",3000,"tippee",4
"3010",3010,"toddler",4
"3043",3043,"travel",4
"3061",3061,"trolley",4
"3074",3074,"tubs",4
"3079",3079,"tuna",4
"3084",3084,"two",4
"3102",3102,"unit",4
"3180",3180,"w",4
"3182",3182,"waffle",4
"3185",3185,"wall",4
"3225",3225,"wheels",4
"3259",3259,"worktop",4
"3275",3275,"yakhni",4
"57",57,"ğŸ„ğŸ…ğŸ»",3
"103",103,"aalu",3
"121",121,"advertising",3
"130",130,"air",3
"151",151,"alsilinseed",3
"164",164,"andrew",3
"167",167,"annabel",3
"175",175,"any",3
"181",181,"approved",3
"187",187,"area",3
"190",190,"ark",3
"195",195,"art",3
"197",197,"artisan",3
"213",213,"attachments",3
"223",223,"autumn",3
"240",240,"bacon",3
"256",256,"baklawa",3
"258",258,"ball",3
"283",283,"based",3
"288",288,"bathbombs",3
"290",290,"bathrooms",3
"332",332,"below",3
"347",347,"between",3
"367",367,"bird",3
"376",376,"bits",3
"400",400,"bobs",3
"421",421,"bottle",3
"487",487,"bus",3
"498",498,"c",3
"530",530,"cans",3
"543",543,"care",3
"551",551,"carvery",3
"553",553,"case",3
"570",570,"celebration",3
"586",586,"channa",3
"605",605,"cheap",3
"616",616,"chemical",3
"632",632,"childrenâ€™s",3
"633",633,"childrens",3
"669",669,"clay",3
"674",674,"clear",3
"676",676,"clearances",3
"679",679,"click",3
"686",686,"club",3
"703",703,"collectable",3
"713",713,"combined",3
"726",726,"complete",3
"759",759,"cookworks",3
"784",784,"country",3
"787",787,"course",3
"790",790,"covers",3
"835",835,"curries",3
"842",842,"cutlery",3
"847",847,"d",3
"848",848,"daal",3
"875",875,"decorative",3
"888",888,"demand",3
"913",913,"diner",3
"932",932,"diwali",3
"942",942,"doll",3
"952",952,"doner",3
"963",963,"doug",3
"971",971,"dream",3
"1000",1000,"early",3
"1018",1018,"eggs",3
"1047",1047,"ensuite",3
"1051",1051,"essex",3
"1061",1061,"everyday",3
"1065",1065,"excellent",3
"1082",1082,"families",3
"1085",1085,"fantastic",3
"1086",1086,"fart",3
"1093",1093,"feed",3
"1094",1094,"feeder",3
"1107",1107,"filled",3
"1110",1110,"filling",3
"1123",1123,"flagship",3
"1130",1130,"flavours",3
"1152",1152,"fordable",3
"1194",1194,"fryer",3
"1234",1234,"ghee",3
"1251",1251,"glorious",3
"1255",1255,"gluten",3
"1259",1259,"go",3
"1283",1283,"gourmet",3
"1298",1298,"grey",3
"1307",1307,"group",3
"1361",1361,"hawkwell",3
"1363",1363,"head",3
"1383",1383,"herbal",3
"1397",1397,"hobbs",3
"1400",1400,"holder",3
"1401",1401,"holders",3
"1420",1420,"horsebox",3
"1439",1439,"hut",3
"1453",1453,"if",3
"1458",1458,"immaculate",3
"1505",1505,"iveco",3
"1511",1511,"james",3
"1522",1522,"jerry",3
"1564",1564,"karmel",3
"1582",1582,"keys",3
"1601",1601,"kiosk",3
"1636",1636,"lahori",3
"1657",1657,"le",3
"1667",1667,"leg",3
"1678",1678,"letters",3
"1682",1682,"lid",3
"1717",1717,"lock",3
"1718",1718,"lodge",3
"1724",1724,"long",3
"1726",1726,"looking",3
"1729",1729,"love",3
"1746",1746,"macarons",3
"1775",1775,"mandi",3
"1810",1810,"may",3
"1818",1818,"medium",3
"1821",1821,"meeno",3
"1826",1826,"mejbani",3
"1852",1852,"milk",3
"1853",1853,"mill",3
"1915",1915,"moves",3
"1956",1956,"necklaces",3
"1957",1957,"need",3
"1977",1977,"nihari",3
"1983",1983,"noahâ€™s",3
"1988",1988,"norfolks",3
"1992",1992,"novelty",3
"2003",2003,"nutella",3
"2026",2026,"office",3
"2065",2065,"ornament",3
"2078",2078,"p",3
"2101",2101,"pan",3
"2113",2113,"paper",3
"2115",2115,"parantha",3
"2147",2147,"paya",3
"2148",2148,"payay",3
"2165",2165,"people",3
"2166",2166,"peppa",3
"2167",2167,"pepper",3
"2176",2176,"persian",3
"2181",2181,"persons",3
"2185",2185,"pets",3
"2199",2199,"pick",3
"2219",2219,"pilao",3
"2223",2223,"pink",3
"2233",2233,"pita",3
"2255",2255,"playmobil",3
"2256",2256,"please",3
"2258",2258,"plum",3
"2261",2261,"pm",3
"2266",2266,"polaw",3
"2275",2275,"pop",3
"2282",2282,"pork",3
"2285",2285,"portion",3
"2286",2286,"portions",3
"2298",2298,"pouch",3
"2311",2311,"pre",3
"2318",2318,"press",3
"2319",2319,"pressure",3
"2345",2345,"professional",3
"2359",2359,"pudding",3
"2364",2364,"pulao",3
"2367",2367,"pumpkin",3
"2416",2416,"rasmalai",3
"2422",2422,"rd",3
"2426",2426,"real",3
"2433",2433,"rectangular",3
"2434",2434,"red",3
"2448",2448,"renault",3
"2464",2464,"retail",3
"2487",2487,"roasts",3
"2489",2489,"robot",3
"2490",2490,"rochford",3
"2513",2513,"rotti",3
"2531",2531,"russell",3
"2537",2537,"saalan",3
"2541",2541,"safe",3
"2547",2547,"salan",3
"2551",2551,"salt",3
"2554",2554,"salts",3
"2570",2570,"sandwiches",3
"2576",2576,"sarson",3
"2590",2590,"savoury",3
"2591",2591,"scales",3
"2600",2600,"scones",3
"2607",2607,"scrubs",3
"2612",2612,"sealer",3
"2626",2626,"seeds",3
"2647",2647,"sets",3
"2673",2673,"shelves",3
"2674",2674,"shepherds",3
"2686",2686,"shower",3
"2692",2692,"sign",3
"2702",2702,"simple",3
"2709",2709,"site",3
"2724",2724,"slices",3
"2731",2731,"slow",3
"2755",2755,"sofa",3
"2767",2767,"some",3
"2771",2771,"somosas",3
"2812",2812,"sprinter",3
"2826",2826,"stall",3
"2837",2837,"steak",3
"2847",2847,"stickers",3
"2848",2848,"sticks",3
"2850",2850,"still",3
"2858",2858,"stop",3
"2863",2863,"stourport",3
"2909",2909,"sylvanian",3
"2913",2913,"tables",3
"2932",2932,"tart",3
"2959",2959,"th",3
"2969",2969,"thermal",3
"2974",2974,"things",3
"2984",2984,"tikes",3
"2988",2988,"tikki",3
"2990",2990,"till",3
"2995",2995,"tins",3
"3012",3012,"tomato",3
"3027",3027,"town",3
"3040",3040,"transit",3
"3041",3041,"transport",3
"3047",3047,"trays",3
"3083",3083,"twist",3
"3115",3115,"us",3
"3124",3124,"utensils",3
"3134",3134,"vans",3
"3138",3138,"vary",3
"3159",3159,"village",3
"3206",3206,"we",3
"3215",3215,"weekend",3
"3230",3230,"wide",3
"3237",3237,"wine",3
"3250",3250,"wood",3
"3256",3256,"working",3
"3263",3263,"wrap",3
"3276",3276,"yayha",3
"3300",3300,"zone",3
"10",10,"â€™",2
"17",17,"â€",2
"24",24,"*choices*",2
"37",37,"ğŸ‡¬ğŸ‡¾guyanese",2
"38",38,"âœ¨",2
"51",51,"ğŸ",2
"53",53,"ğŸ„",2
"56",56,"ğŸ„ğŸ…",2
"60",60,"ğŸ…",2
"64",64,"ğŸ…ğŸ»ğŸ„ğŸ…ğŸ»",2
"69",69,"ğŸ‘Œ",2
"75",75,"ğŸ’œ",2
"93",93,"ğŸ˜",2
"98",98,"ğŸ™‚",2
"105",105,"abi",2
"114",114,"acharpickle",2
"116",116,"activity",2
"120",120,"advent",2
"147",147,"alo",2
"150",150,"alsi",2
"156",156,"amazing",2
"161",161,"an",2
"166",166,"animals",2
"174",174,"antique",2
"176",176,"anyone",2
"182",182,"approx",2
"189",189,"argos",2
"193",193,"aromatherapy",2
"200",200,"arty",2
"214",214,"attic",2
"221",221,"automatic",2
"229",229,"award",2
"236",236,"babycook",2
"238",238,"babymoov",2
"239",239,"back",2
"252",252,"bakhoor",2
"266",266,"bang",2
"277",277,"bark",2
"281",281,"baryani",2
"292",292,"batter",2
"295",295,"baubles",2
"306",306,"beads",2
"310",310,"beauty",2
"318",318,"bee",2
"324",324,"beetroot",2
"325",325,"before",2
"328",328,"beko",2
"329",329,"belfast",2
"335",335,"benches",2
"354",354,"bhuna",2
"356",356,"bicarbonate",2
"363",363,"bin",2
"368",368,"biriyani",2
"387",387,"blocks",2
"395",395,"bo",2
"402",402,"boil",2
"415",415,"boot",2
"418",418,"boroi",2
"437",437,"branded",2
"441",441,"brazilian",2
"444",444,"breads",2
"447",447,"brew",2
"463",463,"bryani",2
"469",469,"bucket",2
"475",475,"build",2
"477",477,"bulb",2
"481",481,"buns",2
"489",489,"busy",2
"490",490,"but",2
"494",494,"butterscotch",2
"495",495,"buy",2
"502",502,"cabinet",2
"504",504,"cadburyâ€™s;santa",2
"520",520,"campervan",2
"521",521,"camping",2
"534",534,"caps",2
"538",538,"carboot",2
"546",546,"carnaby",2
"552",552,"cascade",2
"554",554,"cash",2
"557",557,"cast",2
"594",594,"chappati",2
"602",602,"chatpati",2
"651",651,"chops",2
"654",654,"christams",2
"663",663,"cinnamon",2
"666",666,"class",2
"668",668,"classic",2
"675",675,"clearance",2
"677",677,"clearouts",2
"681",681,"clip",2
"683",683,"clips",2
"692",692,"coca",2
"699",699,"cola",2
"700",700,"cold",2
"712",712,"com",2
"717",717,"comes",2
"718",718,"comfort",2
"730",730,"concentrated",2
"733",733,"cone",2
"735",735,"cones;reindeer",2
"740",740,"contact",2
"744",744,"control",2
"746",746,"conversion",2
"747",747,"conversions",2
"748",748,"converted",2
"751",751,"cooke",2
"762",762,"coopers",2
"788",788,"couscous",2
"789",789,"cover",2
"794",794,"craft",2
"796",796,"crafts",2
"797",797,"cranberry",2
"798",798,"crate",2
"803",803,"creamy",2
"814",814,"crumbles",2
"818",818,"crystal",2
"823",823,"cube",2
"824",824,"cubes",2
"826",826,"cuisine",2
"830",830,"cupcake",2
"832",832,"cups",2
"833",833,"curd",2
"838",838,"currys",2
"844",844,"cutter",2
"846",846,"cylinder",2
"853",853,"dahi",2
"860",860,"darceys",2
"866",866,"days?",2
"869",869,"decker",2
"870",870,"decor",2
"874",874,"decorations",2
"882",882,"deliver",2
"889",889,"dentist",2
"898",898,"dessert",2
"901",901,"detail",2
"906",906,"di",2
"908",908,"diet",2
"911",911,"digital",2
"930",930,"display",2
"939",939,"dogs",2
"948",948,"domowe",2
"949",949,"don",2
"960",960,"dot",2
"973",973,"dried",2
"976",976,"drinks",2
"977",977,"drive",2
"986",986,"dum",2
"990",990,"dumplings",2
"995",995,"dust",2
"998",998,"e",2
"1004",1004,"eastern",2
"1006",1006,"easy:a",2
"1009",1009,"ebay",2
"1026",1026,"electronic",2
"1027",1027,"elf",2
"1030",1030,"elmo",2
"1033",1033,"emergency",2
"1035",1035,"empty",2
"1043",1043,"english",2
"1044",1044,"engraved",2
"1046",1046,"ensiut",2
"1062",1062,"everything",2
"1066",1066,"exchange",2
"1074",1074,"extras",2
"1077",1077,"fair",2
"1095",1095,"feeding",2
"1102",1102,"festive",2
"1108",1108,"filler",2
"1111",1111,"filter",2
"1116",1116,"firewood",2
"1118",1118,"fisher",2
"1119",1119,"fit",2
"1125",1125,"flask",2
"1128",1128,"flavour",2
"1157",1157,"fragrance",2
"1161",1161,"freash",2
"1185",1185,"front",2
"1188",1188,"frsh",2
"1196",1196,"ft",2
"1213",1213,"game",2
"1216",1216,"garage",2
"1219",1219,"garlic",2
"1220",1220,"gas",2
"1224",1224,"general",2
"1225",1225,"generation",2
"1229",1229,"gerbil",2
"1231",1231,"get",2
"1242",1242,"gingerbread",2
"1247",1247,"glasses",2
"1252",1252,"glory",2
"1253",1253,"gltc",2
"1264",1264,"gol",2
"1267",1267,"golf",2
"1268",1268,"golgappa",2
"1270",1270,"good",2
"1280",1280,"goujons",2
"1288",1288,"granny",2
"1299",1299,"grill",2
"1302",1302,"grinder",2
"1304",1304,"grooming",2
"1308",1308,"gruffalo",2
"1310",1310,"guinea",2
"1311",1311,"gulab",2
"1313",1313,"gun",2
"1317",1317,"h",2
"1327",1327,"halim",2
"1334",1334,"hamper",2
"1339",1339,"hamsters",2
"1349",1349,"hardback",2
"1359",1359,"havelock",2
"1367",1367,"heart",2
"1374",1374,"heavy",2
"1381",1381,"help",2
"1384",1384,"here",2
"1396",1396,"hob",2
"1398",1398,"hogred",2
"1417",1417,"honeycomb",2
"1418",1418,"hoover",2
"1421",1421,"horseradish",2
"1427",1427,"household",2
"1436",1436,"hungry",2
"1441",1441,"hutki",2
"1449",1449,"idea",2
"1462",1462,"inc",2
"1464",1464,"including",2
"1468",1468,"indisn",2
"1473",1473,"indulgent",2
"1479",1479,"ingredients",2
"1496",1496,"iron",2
"1515",1515,"jamun",2
"1527",1527,"join",2
"1529",1529,"jug",2
"1545",1545,"kabuli",2
"1566",1566,"kasp",2
"1568",1568,"kcâ€™s",2
"1573",1573,"keep",2
"1580",1580,"keto",2
"1588",1588,"khatai",2
"1612",1612,"knife",2
"1621",1621,"krispy",2
"1642",1642,"land",2
"1666",1666,"led",2
"1668",1668,"lego",2
"1684",1684,"life",2
"1696",1696,"link",2
"1697",1697,"linseeds",2
"1710",1710,"live",2
"1711",1711,"liverpool",2
"1712",1712,"loads",2
"1722",1722,"lolly",2
"1727",1727,"lota",2
"1730",1730,"lovely",2
"1734",1734,"lpg",2
"1741",1741,"lush",2
"1747",1747,"macaroon",2
"1748",1748,"macaroons",2
"1761",1761,"maisonette",2
"1764",1764,"makes",2
"1766",1766,"makki",2
"1768",1768,"malaysian",2
"1769",1769,"mall",2
"1776",1776,"mandy",2
"1777",1777,"mango",2
"1778",1778,"manor",2
"1784",1784,"marinated",2
"1798",1798,"mason",2
"1801",1801,"master",2
"1803",1803,"mat",2
"1808",1808,"matter",2
"1816",1816,"meats",2
"1827",1827,"melissa",2
"1838",1838,"messamen",2
"1842",1842,"metallic",2
"1843",1843,"meter",2
"1849",1849,"mild",2
"1856",1856,"mincer",2
"1867",1867,"mirpuri",2
"1868",1868,"mirror",2
"1870",1870,"missed",2
"1872",1872,"mithai",2
"1889",1889,"monster",2
"1890",1890,"months",2
"1895",1895,"morning",2
"1905",1905,"mot",2
"1908",1908,"mould",2
"1911",1911,"mounted",2
"1914",1914,"mouthwatering",2
"1920",1920,"mrs",2
"1923",1923,"much",2
"1929",1929,"multicolor",2
"1932",1932,"munch",2
"1937",1937,"mutanjan",2
"1943",1943,"naga",2
"1946",1946,"nan",2
"1952",1952,"ndizi",2
"1958",1958,"nelson",2
"1966",1966,"newly",2
"1987",1987,"noor",2
"1990",1990,"north",2
"1995",1995,"nuby",2
"2004",2004,"nutribaby",2
"2006",2006,"nutrient",2
"2016",2016,"occasion",2
"2028",2028,"official",2
"2030",2030,"oils",2
"2032",2032,"olaf",2
"2050",2050,"orange",2
"2060",2060,"organiser",2
"2063",2063,"orgasmicjamco",2
"2066",2066,"ornaments",2
"2069",2069,"our",2
"2070",2070,"out",2
"2077",2077,"oz",2
"2089",2089,"painted",2
"2090",2090,"pair",2
"2100",2100,"pamper",2
"2104",2104,"paneer",2
"2107",2107,"panipuri",2
"2111",2111,"pans",2
"2112",2112,"panzerotti",2
"2116",2116,"paratah",2
"2125",2125,"part",2
"2133",2133,"paste",2
"2138",2138,"patented",2
"2139",2139,"patisserie",2
"2152",2152,"pc",2
"2162",2162,"penguin",2
"2170",2170,"per",2
"2174",2174,"peri",2
"2216",2216,"pierre",2
"2237",2237,"pizzas",2
"2239",2239,"place",2
"2242",2242,"planning",2
"2259",2259,"plus",2
"2262",2262,"pod",2
"2263",2263,"pods",2
"2268",2268,"polish",2
"2274",2274,"poori",2
"2276",2276,"popcorn",2
"2302",2302,"poured",2
"2305",2305,"pp",2
"2309",2309,"prawn",2
"2322",2322,"pretty",2
"2324",2324,"priced",2
"2336",2336,"pro",2
"2337",2337,"problems",2
"2374",2374,"puppy",2
"2376",2376,"pure",2
"2378",2378,"purÃ©e",2
"2393",2393,"quiche",2
"2396",2396,"quince",2
"2397",2397,"quotes",2
"2398",2398,"r",2
"2404",2404,"rack",2
"2413",2413,"raita",2
"2418",2418,"raspberry",2
"2419",2419,"rates",2
"2435",2435,"reduced",2
"2441",2441,"reliable",2
"2457",2457,"reputable",2
"2460",2460,"resin",2
"2467",2467,"retro",2
"2480",2480,"rings",2
"2492",2492,"rodent",2
"2506",2506,"rose",2
"2514",2514,"round",2
"2520",2520,"rubbish",2
"2528",2528,"runs",2
"2532",2532,"russian",2
"2552",2552,"salted",2
"2567",2567,"sand",2
"2569",2569,"sandwich",2
"2574",2574,"santas",2
"2577",2577,"satni",2
"2582",2582,"sauces",2
"2586",2586,"save",2
"2592",2592,"scallion",2
"2594",2594,"scented",2
"2595",2595,"scents",2
"2606",2606,"scrub",2
"2611",2611,"sealed",2
"2613",2613,"sealing",2
"2615",2615,"seasonal",2
"2617",2617,"seat",2
"2620",2620,"secret",2
"2625",2625,"seed",2
"2637",2637,"sensor",2
"2662",2662,"shaped",2
"2666",2666,"shawarma",2
"2667",2667,"shea",2
"2668",2668,"shed",2
"2682",2682,"shops",2
"2690",2690,"si",2
"2694",2694,"signs",2
"2710",2710,"six",2
"2712",2712,"sizes",2
"2723",2723,"slicer",2
"2727",2727,"slime",2
"2728",2728,"slogan",2
"2739",2739,"smoked",2
"2753",2753,"sodas",2
"2754",2754,"sodium",2
"2758",2758,"softplay",2
"2784",2784,"sparkle",2
"2789",2789,"specials",2
"2792",2792,"spiced",2
"2798",2798,"spiralizer",2
"2820",2820,"st",2
"2829",2829,"stands",2
"2831",2831,"star",2
"2841",2841,"steaw",2
"2845",2845,"step",2
"2851",2851,"stock",2
"2853",2853,"stockings",2
"2860",2860,"store",2
"2861",2861,"story",2
"2864",2864,"stove",2
"2881",2881,"suitable",2
"2883",2883,"suji",2
"2890",2890,"supermarket",2
"2894",2894,"support",2
"2915",2915,"tableware",2
"2927",2927,"tankard",2
"2936",2936,"taste",2
"2946",2946,"teas",2
"2964",2964,"that",2
"2968",2968,"then",2
"2972",2972,"these",2
"2977",2977,"thursday",2
"2978",2978,"tidy",2
"2980",2980,"tier",2
"2985",2985,"tiki",2
"2991",2991,"time",2
"2996",2996,"tiny",2
"3002",3002,"tiramisu",2
"3004",3004,"tn",2
"3014",3014,"tomorrow",2
"3016",3016,"tonight",2
"3022",3022,"tops",2
"3028",3028,"townhouse",2
"3046",3046,"traybakes",2
"3053",3053,"tree",2
"3063",3063,"truck",2
"3071",3071,"tub",2
"3072",3072,"tube",2
"3077",3077,"tuesday",2
"3093",3093,"ultimate",2
"3105",3105,"unused",2
"3106",3106,"unusual",2
"3112",3112,"ur",2
"3119",3119,"use",2
"3131",3131,"valley",2
"3148",3148,"vela",2
"3150",3150,"venue",2
"3162",3162,"vinyl",2
"3165",3165,"visits",2
"3172",3172,"volkswagen",2
"3175",3175,"vonshef",2
"3178",3178,"vw",2
"3184",3184,"walker",2
"3187",3187,"walnuts",2
"3209",3209,"wean",2
"3219",3219,"well",2
"3220",3220,"west",2
"3221",3221,"wet",2
"3222",3222,"what",2
"3226",3226,"when",2
"3228",3228,"whole",2
"3239",3239,"winning",2
"3240",3240,"winter",2
"3245",3245,"without",2
"3255",3255,"work",2
"3266",3266,"wreath",2
"3270",3270,"www",2
"3272",3272,"xjzcn",2
"3274",3274,"xxcm",2
"3277",3277,"year",2
"3290",3290,"zarda",2
"3303",3303,"Ø£Ùˆ",2
"3311",3311,"Ø®Ø¨Ø²",2
"3330",3330,"ï¿½perfect",2
"3331",3331,"ï¿½ï¿½",2
"3",3,":pm",1
"4",4,"â€¼",1
"6",6,"?__tn__=kc",1
"7",7,"â€˜food",1
"8",8,"â€˜old",1
"9",9,"â€˜pussyâ€™",1
"11",11,"â€™s",1
"13",13,"""grilled""",1
"14",14,"â€œmalai",1
"15",15,"â€œreadyâ€",1
"16",16,"â€œzlota",1
"19",19,"@",1
"20",20,"@phoenix",1
"22",22,"***ferndale",1
"23",23,"**tuesday",1
"25",25,"*giveaways*",1
"26",26,"*wholesale",1
"27",27,"#da",1
"28",28,"#se",1
"30",30,"â€¢candlesâ€¢reed",1
"32",32,"+homemade",1
"33",33,"=all",1
"35",35,"~ft",1
"36",36,"ğŸ‡¬ğŸ‡¾",1
"39",39,"â„ï¸elsa",1
"41",41,"â¤ï¸",1
"42",42,"â¤ï¸ğŸ…ğŸ»",1
"43",43,"â­ï¸â­ï¸â­ï¸â­ï¸",1
"44",44,"ğŸ…",1
"45",45,"ğŸ‹",1
"46",46,"ğŸ—",1
"47",47,"ğŸ©",1
"48",48,"ğŸ«",1
"49",49,"ğŸ°ğŸ§",1
"50",50,"ğŸ²",1
"52",52,"ğŸğŸ",1
"54",54,"ğŸ„â›„ï¸",1
"55",55,"ğŸ„ğŸ",1
"58",58,"ğŸ„ğŸ…ğŸ»â›„ï¸",1
"59",59,"ğŸ„christmas",1
"61",61,"ğŸ…ğŸ„â›„ï¸â„ï¸",1
"62",62,"ğŸ…ğŸ„oap",1
"63",63,"ğŸ…ğŸ»ğŸ„",1
"65",65,"ğŸ…ğŸ¼â˜ƒï¸xmas",1
"66",66,"ğŸ´ó §ó ¢ó ³ó £ó ´ó ¿",1
"67",67,"ğŸ”",1
"68",68,"ğŸ",1
"70",70,"ğŸ‘",1
"71",71,"ğŸ’",1
"72",72,"ğŸ’“tabletğŸ’“",1
"73",73,"ğŸ’—ğŸ’—ğŸ’—",1
"74",74,"ğŸ’—ğŸ’—ğŸ’—help",1
"76",76,"ğŸ’¥ğŸ’¥",1
"77",77,"ğŸ’¥ğŸ’¥beef",1
"78",78,"ğŸ’¯",1
"79",79,"ğŸ’¯%",1
"80",80,"ğŸ”¥",1
"81",81,"ğŸ”¥ğŸ†",1
"83",83,"ğŸ¥ğŸ¥˜",1
"84",84,"ğŸ¥Ÿ",1
"85",85,"ğŸ¥§",1
"86",86,"ğŸ¦„",1
"87",87,"ğŸ¦Œ",1
"88",88,"ğŸ¦ŒğŸ„christmas",1
"89",89,"ğŸ¦ŒğŸ¦ŒğŸ¦Œ",1
"90",90,"ğŸ¦ŒğŸ¦ŒğŸ¦Œreindeer",1
"91",91,"ğŸ§ğŸ°ğŸ¥§ğŸª",1
"92",92,"ğŸ˜€look",1
"94",94,"ğŸ˜ğŸ¦„ğŸ§ğŸ¦ğŸ©ğŸğŸ„",1
"95",95,"ğŸ˜",1
"96",96,"ğŸ˜˜ğŸ¤™ğŸ¤™ğŸ‘ŒğŸ½",1
"97",97,"ğŸ˜˜ğŸ˜‰ğŸ¤™ğŸ‘ŒğŸ½",1
"99",99,"ğŸšš",1
"100",100,"ğŸššğŸšš",1
"102",102,"a+",1
"104",104,"abd",1
"106",106,"above",1
"107",107,"absilable",1
"108",108,"acacia",1
"110",110,"acchar",1
"111",111,"accommodation",1
"113",113,"achari",1
"115",115,"activities",1
"117",117,"add",1
"118",118,"adults",1
"119",119,"advance",1
"122",122,"afecfj",1
"123",123,"afford",1
"125",125,"after",1
"126",126,"after:pm",1
"128",128,"agd",1
"129",129,"agent",1
"131",131,"airfry",1
"133",133,"airy",1
"134",134,"ajena",1
"135",135,"aka",1
"136",136,"alba",1
"137",137,"alero",1
"138",138,"alexâ€™s",1
"139",139,"alexa",1
"140",140,"algerian",1
"141",141,"alice",1
"143",143,"alloo",1
"144",144,"allowed",1
"145",145,"almond",1
"146",146,"almonds",1
"148",148,"aloe",1
"153",153,"alum",1
"155",155,"am",1
"157",157,"ambiano",1
"158",158,"amd",1
"160",160,"amount",1
"162",162,"anabel",1
"165",165,"animal",1
"168",168,"another",1
"169",169,"ans",1
"170",170,"anteaque",1
"171",171,"anti",1
"172",172,"antiglug",1
"173",173,"antipasti",1
"177",177,"anyway",1
"179",179,"app",1
"183",183,"apricot",1
"184",184,"aquarium",1
"185",185,"arabic",1
"186",186,"are",1
"188",188,"areas",1
"191",191,"arkwrights",1
"192",192,"army",1
"194",194,"around",1
"196",196,"artesÃ ",1
"198",198,"artisinal",1
"199",199,"arts",1
"202",202,"asain",1
"203",203,"ashby",1
"205",205,"asin",1
"206",206,"ask",1
"207",207,"assorted",1
"208",208,"assortment",1
"209",209,"astier",1
"211",211,"atigo",1
"212",212,"attachment",1
"215",215,"aubergine",1
"216",216,"august",1
"217",217,"australia",1
"219",219,"auto",1
"220",220,"autobiography",1
"222",222,"autoquest",1
"226",226,"avenue",1
"227",227,"avia",1
"228",228,"avon",1
"231",231,"awning",1
"233",233,"ba",1
"234",234,"baazi",1
"237",237,"babyfood",1
"242",242,"bagel",1
"243",243,"baghrir",1
"247",247,"bakers",1
"250",250,"bakesğŸ˜",1
"251",251,"bakewell",1
"255",255,"baklavaâ€™s",1
"257",257,"balay",1
"259",259,"balloon",1
"260",260,"balloons",1
"262",262,"balushahi",1
"264",264,"bamix",1
"265",265,"bananna",1
"267",267,"bangin",1
"268",268,"bangladeshi",1
"269",269,"bank",1
"270",270,"bap",1
"272",272,"barbecue",1
"274",274,"barbies",1
"275",275,"barely",1
"276",276,"barista",1
"278",278,"barn",1
"279",279,"barrys",1
"282",282,"basar",1
"286",286,"baslow",1
"291",291,"baths",1
"293",293,"battersea",1
"294",294,"battery",1
"296",296,"bawlawa",1
"297",297,"bawling",1
"298",298,"bay",1
"299",299,"baylis",1
"300",300,"bbc",1
"302",302,"bd",1
"303",303,"bdcaw",1
"307",307,"bean",1
"308",308,"bear",1
"311",311,"bebe",1
"314",314,"bedford",1
"319",319,"beech",1
"320",320,"beechwood",1
"322",322,"been",1
"326",326,"being",1
"331",331,"bell",1
"333",333,"belper",1
"334",334,"bench",1
"336",336,"bengali",1
"337",337,"bento",1
"338",338,"berries",1
"339",339,"berry",1
"340",340,"berth",1
"341",341,"beryane",1
"342",342,"beryani",1
"343",343,"beskuit",1
"346",346,"beta",1
"348",348,"beverage",1
"349",349,"bfpuk",1
"350",350,"bhaji",1
"351",351,"bhalley",1
"352",352,"bhare",1
"353",353,"bhiryani",1
"355",355,"bib",1
"358",358,"bigger",1
"359",359,"biggie",1
"360",360,"bills",1
"361",361,"bills+parking+cleaner",1
"362",362,"bimby",1
"364",364,"bins",1
"365",365,"biodegradable",1
"366",366,"biran",1
"371",371,"biryanichicken",1
"374",374,"bite",1
"375",375,"bites",1
"377",377,"bitter",1
"379",379,"blackley",1
"380",380,"blackthorn",1
"381",381,"blades",1
"382",382,"blasting",1
"383",383,"blend",1
"385",385,"blitz",1
"386",386,"block",1
"388",388,"blondies",1
"389",389,"blossom",1
"391",391,"blueberry",1
"392",392,"bluebird",1
"393",393,"blush",1
"394",394,"bn",1
"396",396,"boâ€™s",1
"399",399,"boba",1
"403",403,"boiled",1
"404",404,"boilies",1
"405",405,"boll",1
"410",410,"bonfire",1
"412",412,"bookğŸ˜€",1
"413",413,"bookings",1
"416",416,"booth",1
"419",419,"borosilicate",1
"420",420,"botiâ€",1
"423",423,"bought",1
"424",424,"bouquet",1
"425",425,"bouquets",1
"426",426,"boutique",1
"430",430,"boxed",1
"432",432,"boys",1
"433",433,"bp",1
"434",434,"bpa",1
"435",435,"bracelet",1
"438",438,"brands",1
"439",439,"braun",1
"440",440,"bravo",1
"443",443,"breadroll",1
"446",446,"brean",1
"448",448,"brewing",1
"449",449,"brick",1
"450",450,"bright",1
"451",451,"britain",1
"452",452,"brittle",1
"453",453,"brixton",1
"455",455,"briyaniğŸ¥©",1
"456",456,"brockworth",1
"458",458,"brown",1
"459",459,"browne",1
"460",460,"brownie",1
"462",462,"brush",1
"464",464,"bsah",1
"465",465,"bsey",1
"467",467,"bubblicious",1
"468",468,"buchty",1
"470",470,"buckets",1
"471",471,"budget",1
"472",472,"buffet",1
"473",473,"buffet?",1
"480",480,"bunnies",1
"482",482,"buoi",1
"485",485,"burner",1
"486",486,"burners",1
"496",496,"buzzard",1
"499",499,"ca",1
"500",500,"cabbage",1
"501",501,"cabin",1
"503",503,"cabins",1
"505",505,"caddy",1
"506",506,"caerau",1
"508",508,"cafÃ©",1
"512",512,"calendar",1
"513",513,"calendars",1
"514",514,"calender",1
"515",515,"california",1
"517",517,"camelford",1
"518",518,"camp",1
"523",523,"canapes",1
"525",525,"candle=father",1
"527",527,"candyfloss",1
"528",528,"canister",1
"529",529,"canned",1
"531",531,"canvas",1
"532",532,"canvases",1
"533",533,"capcicum",1
"539",539,"card",1
"540",540,"cardboard",1
"541",541,"cardinal",1
"542",542,"cards",1
"544",544,"carer",1
"545",545,"carmel",1
"547",547,"carpet",1
"548",548,"carpysteves",1
"550",550,"carry",1
"555",555,"casserole",1
"559",559,"cater",1
"561",561,"caterlite",1
"562",562,"catfish",1
"563",563,"cath",1
"564",564,"cats",1
"565",565,"cauliflower",1
"566",566,"cavalier",1
"567",567,"cavity",1
"568",568,"caw",1
"569",569,"cc",1
"571",571,"central",1
"573",573,"ceramic",1
"575",575,"cf***",1
"576",576,"ch",1
"578",578,"chad",1
"579",579,"chaffing",1
"580",580,"chains",1
"581",581,"chair",1
"583",583,"chalets",1
"584",584,"chalvey",1
"587",587,"channay",1
"588",588,"chany",1
"590",590,"chapatis",1
"591",591,"chapattis",1
"592",592,"chapel",1
"595",595,"chappli",1
"597",597,"characters",1
"598",598,"charity",1
"599",599,"charles",1
"600",600,"chat",1
"601",601,"chatni",1
"603",603,"chawal",1
"606",606,"chebe",1
"607",607,"checked",1
"608",608,"cheep",1
"609",609,"chees",1
"613",613,"cheeseflan",1
"615",615,"chefğŸ’•",1
"617",617,"cherry",1
"618",618,"chesham",1
"619",619,"chest",1
"620",620,"chevdo",1
"621",621,"chevra",1
"623",623,"chic",1
"624",624,"chick",1
"626",626,"chickpea",1
"627",627,"chickpeas",1
"628",628,"chief",1
"630",630,"childâ€™s",1
"634",634,"childs",1
"636",636,"chillie",1
"637",637,"chillies",1
"638",638,"chilly",1
"639",639,"china",1
"643",643,"chiswick",1
"644",644,"chlebicky",1
"646",646,"choco",1
"649",649,"chop",1
"652",652,"chops****",1
"656",656,"christmasğŸ„â„ï¸",1
"657",657,"churneys",1
"660",660,"ciasta",1
"661",661,"cider",1
"662",662,"cinema",1
"664",664,"ckn",1
"665",665,"clarified",1
"667",667,"classes",1
"670",670,"clayrazy",1
"678",678,"clever",1
"680",680,"cliffs",1
"682",682,"clippers",1
"684",684,"clitheroe",1
"685",685,"clock",1
"687",687,"cluster",1
"689",689,"coach",1
"690",690,"coal",1
"691",691,"coating",1
"694",694,"code",1
"695",695,"coffe",1
"697",697,"coffeeshop",1
"698",698,"coins",1
"701",701,"coleslaw",1
"705",705,"collector",1
"706",706,"color",1
"707",707,"colorful",1
"709",709,"colour:black",1
"710",710,"coloured",1
"711",711,"colours",1
"714",714,"combos",1
"715",715,"come",1
"716",716,"comedy",1
"719",719,"comment",1
"721",721,"commis",1
"723",723,"compact",1
"725",725,"compartment",1
"727",727,"completes",1
"728",728,"compost",1
"729",729,"concentrate",1
"731",731,"condensed",1
"736",736,"confectionery",1
"737",737,"confetti",1
"738",738,"conran",1
"739",739,"consultant",1
"743",743,"continer",1
"745",745,"conveniently",1
"757",757,"cookies:",1
"760",760,"cool",1
"761",761,"coolbox",1
"763",763,"copies",1
"764",764,"copy",1
"765",765,"cordette",1
"766",766,"coriander",1
"768",768,"cornbeef",1
"769",769,"corned",1
"770",770,"corner",1
"772",772,"cornflakes",1
"773",773,"cornish",1
"774",774,"cornulete",1
"775",775,"cornwall",1
"776",776,"cornwall?",1
"777",777,"cosalt",1
"778",778,"cosplay",1
"780",780,"cosy",1
"782",782,"count",1
"783",783,"countertop",1
"785",785,"coupon",1
"786",786,"couriers",1
"791",791,"cow",1
"792",792,"coxinha",1
"793",793,"crackers",1
"795",795,"crafted",1
"800",800,"crawley",1
"801",801,"crazy",1
"804",804,"creations",1
"805",805,"creative",1
"806",806,"crepe",1
"807",807,"crepes",1
"808",808,"creuset",1
"809",809,"crispy",1
"810",810,"crochet",1
"811",811,"crochet:",1
"812",812,"cross",1
"813",813,"crumble",1
"815",815,"crumbs",1
"817",817,"crunch",1
"819",819,"crystilised",1
"820",820,"csrry",1
"821",821,"cu",1
"822",822,"cuban",1
"825",825,"cuddle",1
"827",827,"cup",1
"828",828,"cupboard",1
"829",829,"cupboards",1
"834",834,"curri",1
"837",837,"currychicken",1
"839",839,"cushion",1
"840",840,"cusine",1
"843",843,"cutlets",1
"849",849,"dabeli",1
"850",850,"daewoo",1
"851",851,"daf",1
"852",852,"daffodils",1
"855",855,"daisy",1
"856",856,"dal",1
"857",857,"dandelion",1
"858",858,"danish",1
"859",859,"dannys",1
"861",861,"dartington",1
"862",862,"dartmouth",1
"863",863,"dates",1
"867",867,"dbs",1
"868",868,"december",1
"871",871,"decorated",1
"872",872,"decorating",1
"873",873,"decoration",1
"876",876,"decore",1
"877",877,"dehydrating",1
"878",878,"deli",1
"879",879,"deliciou",1
"881",881,"delight",1
"884",884,"deliveries",1
"885",885,"delivering",1
"887",887,"deluxe",1
"890",890,"deodorant",1
"891",891,"deposit",1
"892",892,"desert",1
"894",894,"design",1
"895",895,"designed",1
"896",896,"designer",1
"897",897,"designs",1
"902",902,"devon",1
"903",903,"devoran",1
"904",904,"dfs",1
"905",905,"dhakaia",1
"907",907,"die",1
"909",909,"different",1
"910",910,"diffusersâ€¢wax",1
"912",912,"dill",1
"914",914,"dining",1
"918",918,"dipped",1
"919",919,"directly",1
"920",920,"discount",1
"921",921,"discounted",1
"922",922,"discraption",1
"923",923,"discs",1
"926",926,"dishwasher",1
"927",927,"disi",1
"928",928,"disney",1
"931",931,"disposable",1
"933",933,"dj",1
"935",935,"doddle",1
"937",937,"doggie",1
"941",941,"dolcegusto",1
"943",943,"dollhouse",1
"945",945,"domace",1
"946",946,"domed",1
"950",950,"donate",1
"951",951,"donations",1
"953",953,"donut",1
"954",954,"doodle",1
"956",956,"doorstep",1
"957",957,"dorchester",1
"958",958,"dore",1
"962",962,"doubles",1
"964",964,"dough",1
"965",965,"doughnut",1
"966",966,"doughnuts",1
"967",967,"downsize",1
"968",968,"dragon",1
"969",969,"drainage",1
"970",970,"drawers",1
"972",972,"dresses",1
"974",974,"drink",1
"975",975,"drinking",1
"979",979,"drop",1
"980",980,"drum",1
"981",981,"drums",1
"983",983,"dt",1
"984",984,"dual",1
"985",985,"dulciuri",1
"987",987,"dumm",1
"988",988,"dummy",1
"989",989,"dump",1
"991",991,"dunscoft",1
"992",992,"duplex",1
"993",993,"durabl",1
"994",994,"durable",1
"996",996,"duty",1
"997",997,"dvds",1
"1001",1001,"earthenware",1
"1003",1003,"easter",1
"1007",1007,"easymat",1
"1008",1008,"eat",1
"1010",1010,"eclectic",1
"1012",1012,"ecovent",1
"1013",1013,"ect",1
"1014",1014,"edge",1
"1015",1015,"edition",1
"1016",1016,"effect",1
"1019",1019,"egyptian",1
"1020",1020,"ehbx",1
"1021",1021,"eid",1
"1022",1022,"eid=arbgydrkzkgajbuguatlvw",1
"1024",1024,"elddis",1
"1028",1028,"elite",1
"1029",1029,"ellen",1
"1031",1031,"elsenham",1
"1032",1032,"embossers",1
"1034",1034,"emptied",1
"1036",1036,"ems",1
"1037",1037,"emulsified",1
"1038",1038,"enamel",1
"1039",1039,"enchanted",1
"1041",1041,"energy",1
"1042",1042,"engagement",1
"1045",1045,"enhanced",1
"1048",1048,"epoxy",1
"1050",1050,"erdington",1
"1052",1052,"estate",1
"1054",1054,"etched",1
"1055",1055,"ethnic",1
"1056",1056,"eurocargo",1
"1058",1058,"event",1
"1059",1059,"events",1
"1063",1063,"evesham",1
"1064",1064,"ex",1
"1067",1067,"exclusive",1
"1068",1068,"exfoliating",1
"1069",1069,"experienced",1
"1070",1070,"experiment",1
"1071",1071,"express",1
"1072",1072,"expressomachine",1
"1075",1075,"face",1
"1078",1078,"fairs",1
"1079",1079,"fake",1
"1080",1080,"falafel",1
"1081",1081,"falafels",1
"1084",1084,"fans",1
"1087",1087,"fast",1
"1088",1088,"father",1
"1089",1089,"fathers",1
"1091",1091,"feb",1
"1092",1092,"fed",1
"1096",1096,"feel",1
"1097",1097,"feezer",1
"1098",1098,"felt",1
"1099",1099,"felting",1
"1101",1101,"festival",1
"1103",1103,"few",1
"1104",1104,"field",1
"1105",1105,"figurine",1
"1112",1112,"filters",1
"1113",1113,"final",1
"1114",1114,"fine",1
"1115",1115,"firefighters",1
"1120",1120,"fitness",1
"1121",1121,"fits",1
"1122",1122,"flagging",1
"1124",1124,"flashing",1
"1126",1126,"flasks",1
"1129",1129,"flavoured",1
"1131",1131,"floating",1
"1132",1132,"floor",1
"1133",1133,"floral",1
"1136",1136,"fluffy",1
"1137",1137,"fm",1
"1138",1138,"fob",1
"1139",1139,"focus",1
"1140",1140,"fold",1
"1141",1141,"folding",1
"1143",1143,"food?",1
"1144",1144,"foodâ€™",1
"1145",1145,"foodbiryani",1
"1146",1146,"foodies",1
"1149",1149,"footstool",1
"1153",1153,"forgot",1
"1154",1154,"fork",1
"1155",1155,"forks",1
"1156",1156,"found",1
"1158",1158,"fragranced",1
"1159",1159,"fragrences",1
"1160",1160,"frame",1
"1162",1162,"fredh",1
"1164",1164,"freezable",1
"1165",1165,"freeze",1
"1167",1167,"french",1
"1169",1169,"fresha",1
"1171",1171,"freshfood",1
"1173",1173,"freshner",1
"1174",1174,"freshprochef",1
"1178",1178,"friend",1
"1181",1181,"fries",1
"1182",1182,"frim",1
"1183",1183,"fritters",1
"1186",1186,"frost",1
"1190",1190,"fruitcakes",1
"1191",1191,"fruity",1
"1192",1192,"frwshmy",1
"1195",1195,"frying",1
"1198",1198,"fudgy",1
"1200",1200,"fuels",1
"1201",1201,"fulab",1
"1205",1205,"functions",1
"1206",1206,"fundraising",1
"1207",1207,"fur",1
"1209",1209,"furry",1
"1210",1210,"fyewrzuidkweovxtfd",1
"1212",1212,"gajar",1
"1214",1214,"gamer",1
"1215",1215,"gappay",1
"1218",1218,"gareth",1
"1221",1221,"gate",1
"1222",1222,"gathering",1
"1223",1223,"gender",1
"1226",1226,"genius",1
"1227",1227,"geode",1
"1228",1228,"georgian",1
"1230",1230,"german",1
"1232",1232,"gff",1
"1235",1235,"ghormeh",1
"1236",1236,"giannini",1
"1238",1238,"giftbox",1
"1240",1240,"gin",1
"1241",1241,"ginger",1
"1243",1243,"giraffe",1
"1244",1244,"give",1
"1245",1245,"glacier",1
"1248",1248,"glaze",1
"1249",1249,"glazing",1
"1250",1250,"glitter",1
"1254",1254,"glug",1
"1256",1256,"glycerin",1
"1257",1257,"glycerine",1
"1258",1258,"gms",1
"1260",1260,"goal",1
"1261",1261,"goat",1
"1262",1262,"goblet",1
"1263",1263,"goey",1
"1269",1269,"gonjo",1
"1272",1272,"goods",1
"1273",1273,"goor",1
"1274",1274,"gorgeous",1
"1275",1275,"goshat",1
"1277",1277,"got",1
"1278",1278,"gothic",1
"1279",1279,"gotowania",1
"1281",1281,"gourd",1
"1282",1282,"gourdkeema",1
"1284",1284,"graces",1
"1286",1286,"graffiti",1
"1287",1287,"granit",1
"1289",1289,"grapevine",1
"1290",1290,"grass",1
"1291",1291,"gravesend",1
"1292",1292,"gravy",1
"1293",1293,"grazers",1
"1295",1295,"greatest",1
"1296",1296,"greek",1
"1300",1300,"grilled",1
"1301",1301,"grinch",1
"1303",1303,"grinding",1
"1305",1305,"grotto",1
"1306",1306,"groundworks",1
"1309",1309,"gt",1
"1312",1312,"gulabjamun",1
"1314",1314,"guppa",1
"1315",1315,"gurar",1
"1316",1316,"guror",1
"1318",1318,"had",1
"1319",1319,"hadramout",1
"1320",1320,"haier",1
"1321",1321,"hair",1
"1324",1324,"half",1
"1325",1325,"halfmoon",1
"1326",1326,"halfords",1
"1328",1328,"hall",1
"1330",1330,"halogen",1
"1331",1331,"halw",1
"1333",1333,"ham",1
"1335",1335,"hamperğŸ„",1
"1337",1337,"hampersğŸ„ğŸ„ğŸğŸ",1
"1342",1342,"handheld",1
"1343",1343,"handi",1
"1344",1344,"handle",1
"1346",1346,"hanger",1
"1347",1347,"hanging",1
"1348",1348,"happy",1
"1350",1350,"harding",1
"1351",1351,"hardwood",1
"1352",1352,"harissa",1
"1353",1353,"harnesses",1
"1354",1354,"harry",1
"1355",1355,"hassle",1
"1356",1356,"hastings",1
"1357",1357,"hats",1
"1360",1360,"haven",1
"1362",1362,"hazelnut",1
"1364",1364,"headband",1
"1366",1366,"healty",1
"1368",1368,"heartlake",1
"1369",1369,"hearts",1
"1370",1370,"heat",1
"1371",1371,"heater",1
"1372",1372,"heaters",1
"1373",1373,"heating",1
"1375",1375,"hedgehog",1
"1376",1376,"heel",1
"1377",1377,"heena",1
"1378",1378,"heli",1
"1379",1379,"hellalicous",1
"1380",1380,"hellfire",1
"1382",1382,"henkelman",1
"1386",1386,"hessian",1
"1387",1387,"hexagon",1
"1388",1388,"hi",1
"1389",1389,"hideaway",1
"1391",1391,"hill",1
"1392",1392,"hippo",1
"1394",1394,"hmc",1
"1395",1395,"hoagie",1
"1399",1399,"hold",1
"1402",1402,"hole",1
"1404",1404,"holistic",1
"1405",1405,"hollow",1
"1406",1406,"hollywood",1
"1408",1408,"homebake",1
"1409",1409,"homebakes",1
"1410",1410,"homebaking",1
"1411",1411,"homecooked",1
"1412",1412,"homefire",1
"1414",1414,"homemed",1
"1415",1415,"homes",1
"1423",1423,"hotpoint",1
"1424",1424,"hotpot",1
"1425",1425,"hour",1
"1428",1428,"houses",1
"1429",1429,"houseswap",1
"1430",1430,"housewares",1
"1431",1431,"hoyle",1
"1434",1434,"hullbridge",1
"1435",1435,"hungarian",1
"1437",1437,"hunstanton",1
"1438",1438,"husky",1
"1440",1440,"hutch",1
"1442",1442,"hyderabadi",1
"1443",1443,"hygienic",1
"1448",1448,"ide",1
"1451",1451,"ideas",1
"1454",1454,"iftar",1
"1455",1455,"ikea",1
"1456",1456,"ilkeston",1
"1457",1457,"im",1
"1459",1459,"immediately",1
"1461",1461,"inbox",1
"1463",1463,"incl",1
"1465",1465,"independent",1
"1466",1466,"india",1
"1470",1470,"individually",1
"1471",1471,"individuals",1
"1472",1472,"indonesian",1
"1474",1474,"industrial",1
"1476",1476,"inflatables",1
"1478",1478,"infused",1
"1480",1480,"ingriedents",1
"1481",1481,"innsworth",1
"1482",1482,"insert",1
"1484",1484,"inshallah",1
"1485",1485,"inspied",1
"1486",1486,"inspired",1
"1487",1487,"instagram",1
"1489",1489,"interactive",1
"1490",1490,"interchangeable",1
"1491",1491,"interested",1
"1492",1492,"intolerance",1
"1493",1493,"introducing",1
"1494",1494,"invitation",1
"1497",1497,"irp",1
"1501",1501,"italy",1
"1502",1502,"item",1
"1504",1504,"itsy",1
"1506",1506,"j",1
"1507",1507,"jaj",1
"1508",1508,"jalfrezi",1
"1510",1510,"jamaican",1
"1512",1512,"jamie",1
"1513",1513,"jamieâ€™s",1
"1517",1517,"jarâ—ï¸",1
"1519",1519,"jedzenie",1
"1520",1520,"jelabiy",1
"1521",1521,"jelly",1
"1523",1523,"jewellery",1
"1524",1524,"jg",1
"1525",1525,"jilapi",1
"1526",1526,"john",1
"1528",1528,"jojo",1
"1530",1530,"juicer",1
"1531",1531,"july",1
"1532",1532,"jumble",1
"1533",1533,"jumbo",1
"1534",1534,"juniper",1
"1535",1535,"jup",1
"1537",1537,"juz",1
"1540",1540,"kabaab",1
"1543",1543,"kabans",1
"1544",1544,"kabole",1
"1546",1546,"kacchi",1
"1547",1547,"kachori",1
"1548",1548,"kadahi",1
"1549",1549,"kaddu",1
"1550",1550,"kadhey",1
"1551",1551,"kadhi",1
"1552",1552,"kaja",1
"1553",1553,"kajoor",1
"1554",1554,"kanga",1
"1557",1557,"karahimutton",1
"1558",1558,"karak",1
"1559",1559,"karalay",1
"1560",1560,"kareela",1
"1561",1561,"karele",1
"1562",1562,"karhai",1
"1563",1563,"karhi",1
"1565",1565,"karmels",1
"1567",1567,"kaÅ¼dÄ…",1
"1570",1570,"kebabmutton",1
"1574",1574,"keeping",1
"1575",1575,"keg",1
"1576",1576,"kennel",1
"1578",1578,"kerala",1
"1579",1579,"kerepek",1
"1584",1584,"khadi",1
"1585",1585,"khajoor",1
"1586",1586,"khajor",1
"1589",1589,"khataiindian",1
"1591",1591,"khichuri",1
"1592",1592,"khoai",1
"1593",1593,"khurma",1
"1594",1594,"kibinai",1
"1596",1596,"kidston",1
"1597",1597,"kimchi",1
"1598",1598,"kind",1
"1599",1599,"kinds",1
"1602",1602,"kirstys",1
"1605",1605,"kitchenaid",1
"1606",1606,"kitchenella",1
"1607",1607,"kitchens",1
"1608",1608,"kitchenstone",1
"1609",1609,"kittyâ€™s",1
"1610",1610,"kitumbua",1
"1611",1611,"klarstein",1
"1613",1613,"knows",1
"1615",1615,"kofte",1
"1616",1616,"kofteh",1
"1617",1617,"koko",1
"1618",1618,"kong",1
"1619",1619,"korai",1
"1620",1620,"kraut",1
"1622",1622,"kufta",1
"1623",1623,"kuih",1
"1625",1625,"kunafe",1
"1626",1626,"kunna",1
"1627",1627,"kupcakes",1
"1628",1628,"kuppet",1
"1629",1629,"kurdish",1
"1631",1631,"labond",1
"1632",1632,"laddu",1
"1634",1634,"lahma",1
"1635",1635,"lahore",1
"1637",1637,"lakeland",1
"1638",1638,"lalaâ€™s",1
"1640",1640,"lamp",1
"1641",1641,"lampshades",1
"1643",1643,"lane",1
"1644",1644,"lankan",1
"1645",1645,"larder",1
"1649",1649,"laser",1
"1650",1650,"last",1
"1652",1652,"latino",1
"1653",1653,"lauki",1
"1654",1654,"launcher",1
"1655",1655,"lavender",1
"1656",1656,"lawson",1
"1658",1658,"leads",1
"1659",1659,"leaf",1
"1660",1660,"learn",1
"1662",1662,"lease",1
"1663",1663,"leasehold",1
"1664",1664,"leaves",1
"1665",1665,"lebo",1
"1669",1669,"leigh",1
"1670",1670,"leighton",1
"1672",1672,"lemongrass",1
"1673",1673,"len",1
"1674",1674,"leonardo",1
"1675",1675,"less",1
"1677",1677,"letter",1
"1679",1679,"lewis",1
"1680",1680,"leyland",1
"1681",1681,"lhd",1
"1685",1685,"lifestyle",1
"1687",1687,"lightening",1
"1688",1688,"lighting",1
"1689",1689,"lightly",1
"1690",1690,"lights",1
"1692",1692,"lime",1
"1693",1693,"limited",1
"1694",1694,"lincolnshire",1
"1695",1695,"lines",1
"1698",1698,"lipsolves",1
"1699",1699,"lipsticks",1
"1701",1701,"liquidiser",1
"1702",1702,"liss",1
"1703",1703,"list",1
"1704",1704,"lit",1
"1705",1705,"lite",1
"1706",1706,"lithuania",1
"1708",1708,"litres",1
"1713",1713,"loaf",1
"1716",1716,"located",1
"1719",1719,"lodges",1
"1720",1720,"log",1
"1721",1721,"lollipops",1
"1725",1725,"looked",1
"1731",1731,"loves",1
"1732",1732,"lovley",1
"1735",1735,"ltd",1
"1736",1736,"ltr",1
"1737",1737,"ludlow",1
"1739",1739,"lunches",1
"1740",1740,"lunchtime",1
"1742",1742,"luton",1
"1750",1750,"machinery",1
"1751",1751,"macrame",1
"1753",1753,"magaj",1
"1755",1755,"magical",1
"1756",1756,"magimix",1
"1757",1757,"mahogany",1
"1758",1758,"mahshe",1
"1759",1759,"mail",1
"1760",1760,"mainly",1
"1767",1767,"malabari",1
"1770",1770,"mallow",1
"1771",1771,"maltesers",1
"1772",1772,"maman",1
"1779",1779,"manual",1
"1780",1780,"many",1
"1782",1782,"march",1
"1785",1785,"marine",1
"1786",1786,"marks",1
"1787",1787,"marleys",1
"1789",1789,"marmita",1
"1790",1790,"marshmallow",1
"1791",1791,"marvel",1
"1792",1792,"mas",1
"1793",1793,"masal",1
"1795",1795,"masalla",1
"1796",1796,"mascarpone",1
"1799",1799,"massage",1
"1800",1800,"massive",1
"1802",1802,"masters",1
"1804",1804,"matar",1
"1805",1805,"matarmince",1
"1806",1806,"matching",1
"1807",1807,"mats",1
"1809",1809,"mau",1
"1811",1811,"mcqueen",1
"1817",1817,"meaty",1
"1819",1819,"medum",1
"1820",1820,"medus",1
"1823",1823,"meenoschicken",1
"1824",1824,"meet",1
"1825",1825,"mega",1
"1828",1828,"mellissa",1
"1829",1829,"melt",1
"1830",1830,"melter",1
"1833",1833,"menuâ€¼",1
"1835",1835,"mermaid",1
"1836",1836,"mesh",1
"1839",1839,"messenger",1
"1840",1840,"mesyte",1
"1844",1844,"mews",1
"1845",1845,"michelleâ€™s",1
"1848",1848,"milad",1
"1850",1850,"mileage",1
"1851",1851,"miles",1
"1855",1855,"minced",1
"1858",1858,"miniature",1
"1859",1859,"miniatures",1
"1860",1860,"minimum",1
"1861",1861,"ministry",1
"1862",1862,"mins",1
"1863",1863,"mintandchoc",1
"1864",1864,"minted",1
"1865",1865,"minturian",1
"1866",1866,"miod",1
"1869",1869,"miss",1
"1871",1871,"missing",1
"1877",1877,"mixture",1
"1881",1881,"modern",1
"1882",1882,"moffat",1
"1883",1883,"moi",1
"1884",1884,"moisturising",1
"1885",1885,"mold",1
"1886",1886,"mon",1
"1887",1887,"monday",1
"1888",1888,"monsoon",1
"1891",1891,"mood",1
"1892",1892,"moose",1
"1893",1893,"moraccan",1
"1898",1898,"morphey",1
"1899",1899,"morphy",1
"1900",1900,"morris",1
"1901",1901,"morrocan",1
"1902",1902,"morsa",1
"1903",1903,"mortar",1
"1904",1904,"most",1
"1906",1906,"motion",1
"1909",1909,"moulding",1
"1910",1910,"mount",1
"1912",1912,"mousakka",1
"1913",1913,"mouth",1
"1917",1917,"mpg",1
"1918",1918,"mraba",1
"1919",1919,"mre",1
"1921",1921,"msemen",1
"1922",1922,"msemmen",1
"1924",1924,"muffins",1
"1927",1927,"muih",1
"1930",1930,"multifunctional",1
"1931",1931,"multipractic",1
"1933",1933,"munchies",1
"1934",1934,"mushrooms",1
"1935",1935,"must",1
"1936",1936,"mustang",1
"1944",1944,"nagar",1
"1945",1945,"name",1
"1947",1947,"nana",1
"1948",1948,"nappy",1
"1949",1949,"nashta",1
"1950",1950,"national",1
"1953",1953,"ne",1
"1954",1954,"near",1
"1955",1955,"neck",1
"1959",1959,"neon",1
"1960",1960,"nestle",1
"1961",1961,"neve",1
"1964",1964,"new:",1
"1965",1965,"newbiggin",1
"1967",1967,"newtown",1
"1968",1968,"next",1
"1969",1969,"nguoi",1
"1970",1970,"nhl",1
"1971",1971,"nibblet",1
"1972",1972,"nice",1
"1973",1973,"nierdzwenej",1
"1974",1974,"nigella",1
"1975",1975,"nigeria",1
"1978",1978,"nimki",1
"1979",1979,"ninaskitchen",1
"1980",1980,"nj",1
"1981",1981,"nn",1
"1985",1985,"nonna",1
"1986",1986,"noodle",1
"1989",1989,"norman",1
"1994",1994,"nowğŸ˜‹ğŸ˜‹free",1
"1996",1996,"nuca",1
"1997",1997,"nun",1
"1998",1998,"nunbora",1
"1999",1999,"nunor",1
"2000",2000,"nuro",1
"2001",2001,"nursing",1
"2007",2007,"nutripouch",1
"2008",2008,"nutritionist",1
"2009",2009,"nuts",1
"2010",2010,"nutshell",1
"2011",2011,"nylon",1
"2013",2013,"oakley",1
"2014",2014,"oatmeal",1
"2015",2015,"objednavku",1
"2018",2018,"octavia",1
"2019",2019,"oder",1
"2022",2022,"offer",1
"2023",2023,"offerğŸ˜ğŸ˜ğŸ˜",1
"2024",2024,"offers",1
"2025",2025,"offers:",1
"2027",2027,"offices",1
"2031",2031,"okazje",1
"2034",2034,"oldskool",1
"2035",2035,"olio",1
"2036",2036,"omlate",1
"2037",2037,"omlet",1
"2040",2040,"ones",1
"2044",2044,"only*",1
"2046",2046,"opportunity",1
"2047",2047,"optare",1
"2048",2048,"option",1
"2051",2051,"orawka",1
"2052",2052,"orb",1
"2054",2054,"orderâŒ",1
"2055",2055,"ordered",1
"2057",2057,"oreo",1
"2058",2058,"oreshki",1
"2061",2061,"organising",1
"2062",2062,"organizer",1
"2067",2067,"other",1
"2068",2068,"others",1
"2071",2071,"outdoor",1
"2072",2072,"oval",1
"2074",2074,"over",1
"2076",2076,"owners",1
"2080",2080,"package",1
"2081",2081,"packages",1
"2082",2082,"packer",1
"2083",2083,"packet",1
"2084",2084,"packets",1
"2086",2086,"pad",1
"2088",2088,"paint",1
"2091",2091,"pakage",1
"2094",2094,"pakoras",1
"2095",2095,"pakorian",1
"2096",2096,"pakwaan",1
"2097",2097,"pakwan",1
"2098",2098,"pallet",1
"2099",2099,"palm",1
"2102",2102,"pancake",1
"2103",2103,"pancakes",1
"2105",2105,"pangeri",1
"2106",2106,"pani",1
"2108",2108,"panjaeri",1
"2110",2110,"panjiri",1
"2114",2114,"paqueta",1
"2118",2118,"parathas",1
"2119",2119,"parenting",1
"2121",2121,"parkview",1
"2122",2122,"parlour",1
"2123",2123,"parrâ€™s",1
"2124",2124,"parry",1
"2126",2126,"partial",1
"2128",2128,"parties?",1
"2130",2130,"partys",1
"2131",2131,"parze",1
"2136",2136,"pastors",1
"2140",2140,"pattern",1
"2141",2141,"pavâ€™s",1
"2142",2142,"pavilion",1
"2143",2143,"pavlovas",1
"2144",2144,"pawsğŸ•",1
"2145",2145,"pax",1
"2146",2146,"pay",1
"2149",2149,"payazğŸ˜‹ğŸ˜‹order",1
"2150",2150,"payday",1
"2151",2151,"paye",1
"2154",2154,"pd",1
"2156",2156,"pearls",1
"2158",2158,"peasmeenos",1
"2159",2159,"peekaboo",1
"2160",2160,"pelmeni",1
"2161",2161,"pencils",1
"2163",2163,"penryn",1
"2164",2164,"pentland",1
"2168",2168,"peppermint",1
"2169",2169,"peppers",1
"2172",2172,"perfectly",1
"2173",2173,"pergola",1
"2175",2175,"permaguard",1
"2177",2177,"personal",1
"2178",2178,"personalise",1
"2180",2180,"personlised",1
"2182",2182,"peshawari",1
"2184",2184,"petrol",1
"2186",2186,"peugeot",1
"2187",2187,"pf",1
"2188",2188,"pharmacy",1
"2189",2189,"philip",1
"2191",2191,"phob",1
"2192",2192,"phoi",1
"2193",2193,"phone",1
"2194",2194,"photo",1
"2195",2195,"phrases",1
"2196",2196,"phulka",1
"2197",2197,"pic",1
"2198",2198,"piccalilli",1
"2200",2200,"picked",1
"2201",2201,"pickel",1
"2202",2202,"picking",1
"2206",2206,"pickling",1
"2207",2207,"pickups",1
"2209",2209,"pico",1
"2210",2210,"picture",1
"2213",2213,"pieces",1
"2214",2214,"pielmieni",1
"2221",2221,"pilaupea",1
"2222",2222,"pin",1
"2224",2224,"pinnacle",1
"2225",2225,"pinni",1
"2226",2226,"pinniyan",1
"2227",2227,"piony",1
"2228",2228,"pipes",1
"2229",2229,"pise",1
"2230",2230,"pishwari",1
"2231",2231,"pistachios",1
"2232",2232,"pit",1
"2234",2234,"pitha",1
"2235",2235,"pittas",1
"2238",2238,"pl",1
"2241",2241,"planner",1
"2243",2243,"plantain",1
"2244",2244,"plaque",1
"2245",2245,"plaques",1
"2246",2246,"plaster",1
"2248",2248,"plat",1
"2253",2253,"playdough",1
"2254",2254,"playhouse",1
"2257",2257,"pls",1
"2260",2260,"plymouth",1
"2264",2264,"pokemon",1
"2265",2265,"polaoo",1
"2267",2267,"pole",1
"2269",2269,"polly",1
"2270",2270,"polystyrene",1
"2271",2271,"pond",1
"2272",2272,"pooles",1
"2273",2273,"poopin",1
"2277",2277,"popping",1
"2278",2278,"poppy",1
"2279",2279,"poppyseed",1
"2280",2280,"pops",1
"2281",2281,"pori",1
"2284",2284,"porthcawl",1
"2287",2287,"ports",1
"2290",2290,"posted",1
"2291",2291,"posting",1
"2296",2296,"potter",1
"2297",2297,"pottery",1
"2300",2300,"poultry",1
"2301",2301,"pound",1
"2303",2303,"powder",1
"2304",2304,"powered",1
"2306",2306,"practical",1
"2307",2307,"prajituri",1
"2308",2308,"pratha",1
"2310",2310,"prawns",1
"2312",2312,"premium",1
"2314",2314,"prepared",1
"2315",2315,"presents",1
"2316",2316,"preserve",1
"2317",2317,"preserved",1
"2320",2320,"pret",1
"2321",2321,"pretend",1
"2326",2326,"prices;please",1
"2327",2327,"prieskoniai",1
"2328",2328,"prince",1
"2329",2329,"princess",1
"2330",2330,"pringles",1
"2331",2331,"print",1
"2332",2332,"printed",1
"2333",2333,"prints",1
"2334",2334,"priory",1
"2335",2335,"private",1
"2338",2338,"proceeds",1
"2340",2340,"prodej",1
"2342",2342,"product",1
"2343",2343,"production",1
"2346",2346,"profitable",1
"2347",2347,"project",1
"2348",2348,"promet",1
"2349",2349,"promise",1
"2350",2350,"proper",1
"2352",2352,"props",1
"2353",2353,"prosecco",1
"2354",2354,"prosim",1
"2355",2355,"protectors",1
"2356",2356,"protein",1
"2357",2357,"pub",1
"2358",2358,"pucks",1
"2360",2360,"puddings",1
"2361",2361,"puds",1
"2363",2363,"pulaao",1
"2365",2365,"pulao+",1
"2366",2366,"pulled",1
"2368",2368,"pumpkins",1
"2369",2369,"punch",1
"2371",2371,"pup",1
"2372",2372,"pupcakes",1
"2373",2373,"puppet",1
"2375",2375,"purdyâ€™s",1
"2377",2377,"puree",1
"2379",2379,"pures",1
"2381",2381,"push",1
"2382",2382,"pusher",1
"2383",2383,"puzzles",1
"2384",2384,"pva",1
"2385",2385,"pyrex",1
"2386",2386,"pyrography",1
"2387",2387,"qe",1
"2388",2388,"qeema",1
"2389",2389,"qualified",1
"2391",2391,"quarter",1
"2392",2392,"queens",1
"2394",2394,"quiches",1
"2395",2395,"quick",1
"2399",2399,"rabbit",1
"2400",2400,"rabit",1
"2401",2401,"race",1
"2402",2402,"rachel",1
"2405",2405,"raclette",1
"2406",2406,"rad",1
"2407",2407,"radis",1
"2408",2408,"rahat",1
"2410",2410,"rainbows",1
"2411",2411,"raindeer",1
"2412",2412,"rainham",1
"2414",2414,"raleigh",1
"2415",2415,"range",1
"2417",2417,"rasmi",1
"2421",2421,"rayware",1
"2423",2423,"re",1
"2424",2424,"reading",1
"2427",2427,"really",1
"2428",2428,"reasonable",1
"2431",2431,"recruitment",1
"2432",2432,"rectangle",1
"2436",2436,"reduction",1
"2437",2437,"refurbished",1
"2438",2438,"register",1
"2439",2439,"reheating",1
"2442",2442,"relish",1
"2443",2443,"relishes",1
"2444",2444,"removal",1
"2446",2446,"remove",1
"2447",2447,"remover",1
"2449",2449,"renoval",1
"2452",2452,"rep",1
"2453",2453,"replace",1
"2454",2454,"replacement",1
"2455",2455,"representative",1
"2456",2456,"reptile",1
"2458",2458,"request",1
"2459",2459,"required",1
"2461",2461,"resmi",1
"2462",2462,"rest",1
"2465",2465,"retreat",1
"2466",2466,"retriever",1
"2469",2469,"reuse",1
"2470",2470,"reuseable",1
"2471",2471,"reveal",1
"2472",2472,"revlon",1
"2473",2473,"rg",1
"2475",2475,"rich",1
"2476",2476,"richard",1
"2477",2477,"richards",1
"2478",2478,"right",1
"2479",2479,"ring",1
"2481",2481,"rlap",1
"2484",2484,"roasted",1
"2485",2485,"roaster",1
"2486",2486,"roasting",1
"2488",2488,"roberts",1
"2491",2491,"rocky",1
"2493",2493,"role",1
"2494",2494,"roles",1
"2496",2496,"rollğŸ„",1
"2497",2497,"rolling",1
"2499",2499,"rolly",1
"2500",2500,"romanian",1
"2501",2501,"romford",1
"2502",2502,"roof",1
"2505",2505,"rosaâ€",1
"2507",2507,"rotating",1
"2508",2508,"rothwell",1
"2510",2510,"rotiâ€™s",1
"2511",2511,"roties",1
"2512",2512,"rotisserie",1
"2515",2515,"routemaster",1
"2516",2516,"roux",1
"2519",2519,"rrp:",1
"2521",2521,"rubys",1
"2522",2522,"rudolph",1
"2523",2523,"ruffles",1
"2524",2524,"rugs",1
"2525",2525,"ruisins",1
"2526",2526,"rukyta",1
"2527",2527,"run",1
"2529",2529,"rupsanda",1
"2530",2530,"rusk",1
"2535",2535,"s:",1
"2538",2538,"sabzi",1
"2539",2539,"sack",1
"2540",2540,"sacks",1
"2542",2542,"sage",1
"2543",2543,"sainsburyâ€™s",1
"2544",2544,"saint",1
"2545",2545,"sal",1
"2549",2549,"saleğŸ„ğŸ¦Œ",1
"2550",2550,"salford",1
"2553",2553,"salter",1
"2555",2555,"salves",1
"2556",2556,"salyzon",1
"2557",2557,"sambosah",1
"2558",2558,"same",1
"2559",2559,"samoas",1
"2560",2560,"samoosa",1
"2561",2561,"samoosas",1
"2563",2563,"samosaâ€™s",1
"2565",2565,"samosasavailable",1
"2566",2566,"samsosa",1
"2568",2568,"sands",1
"2571",2571,"sandyâ€™s",1
"2573",2573,"santaâ€™s",1
"2575",2575,"sapele",1
"2579",2579,"sau",1
"2581",2581,"saucepans",1
"2584",2584,"sausages",1
"2585",2585,"saute",1
"2588",2588,"savisto",1
"2593",2593,"scandi",1
"2597",2597,"scheme",1
"2599",2599,"schoolâ€™",1
"2601",2601,"scoop",1
"2603",2603,"scrap",1
"2604",2604,"scratch",1
"2605",2605,"screw",1
"2610",2610,"seafood",1
"2614",2614,"season",1
"2616",2616,"seasoning",1
"2618",2618,"sebastian",1
"2619",2619,"second",1
"2621",2621,"section",1
"2622",2622,"secure",1
"2623",2623,"security",1
"2627",2627,"seek",1
"2628",2628,"seekh",1
"2630",2630,"self",1
"2631",2631,"seller",1
"2634",2634,"semolina",1
"2635",2635,"send",1
"2636",2636,"sensio",1
"2638",2638,"serve",1
"2639",2639,"server",1
"2641",2641,"serviced",1
"2642",2642,"services",1
"2644",2644,"servings",1
"2646",2646,"set:",1
"2648",2648,"setsğŸ…ğŸ¼â˜ƒï¸",1
"2649",2649,"shaami",1
"2650",2650,"shabby",1
"2651",2651,"shack",1
"2652",2652,"shake",1
"2653",2653,"shaker",1
"2654",2654,"shakes",1
"2655",2655,"shakez",1
"2656",2656,"shalgam",1
"2658",2658,"shammi",1
"2659",2659,"shampoo",1
"2660",2660,"shamu",1
"2664",2664,"shared",1
"2665",2665,"sharing",1
"2669",2669,"sheds",1
"2670",2670,"sheekh",1
"2671",2671,"sheer",1
"2672",2672,"shelters",1
"2675",2675,"sherbet",1
"2676",2676,"shingara",1
"2677",2677,"shish",1
"2678",2678,"shito",1
"2679",2679,"shondesh",1
"2683",2683,"shortbread",1
"2684",2684,"shortbreads",1
"2685",2685,"shot",1
"2687",2687,"shrimp",1
"2688",2688,"shrutis",1
"2689",2689,"shutki",1
"2691",2691,"side",1
"2693",2693,"signed",1
"2695",2695,"silesian",1
"2696",2696,"silicon",1
"2699",2699,"silvercrest",1
"2700",2700,"silvnas",1
"2701",2701,"simax",1
"2703",2703,"singing",1
"2705",2705,"sink",1
"2706",2706,"sirneeğŸ‡¬ğŸ‡¾",1
"2707",2707,"sistema",1
"2708",2708,"sisters",1
"2713",2713,"sizzling",1
"2714",2714,"skinny",1
"2715",2715,"skoda",1
"2716",2716,"skull",1
"2717",2717,"skulls",1
"2718",2718,"slab",1
"2719",2719,"slabs",1
"2720",2720,"slate",1
"2721",2721,"sleeved",1
"2722",2722,"sleighs",1
"2725",2725,"slightly",1
"2726",2726,"slim",1
"2729",2729,"slots",1
"2730",2730,"slough",1
"2732",2732,"sls",1
"2734",2734,"smart",1
"2735",2735,"smarter",1
"2736",2736,"smell",1
"2737",2737,"smells",1
"2738",2738,"smoke",1
"2740",2740,"smoker",1
"2741",2741,"smoothie",1
"2744",2744,"snakeshead",1
"2745",2745,"snow",1
"2746",2746,"snowman",1
"2747",2747,"snuffle",1
"2748",2748,"soai",1
"2750",2750,"soaps",1
"2751",2751,"social",1
"2752",2752,"soda",1
"2756",2756,"soft",1
"2757",2757,"softener",1
"2759",2759,"soi",1
"2760",2760,"sold",1
"2761",2761,"soldier",1
"2762",2762,"soledi",1
"2764",2764,"solids",1
"2765",2765,"soma",1
"2766",2766,"somasa",1
"2768",2768,"somerset",1
"2769",2769,"somewhere",1
"2772",2772,"sorounding",1
"2773",2773,"sorted",1
"2774",2774,"sound",1
"2776",2776,"soupdesi",1
"2779",2779,"southern",1
"2781",2781,"space",1
"2782",2782,"spanich",1
"2783",2783,"spanish",1
"2785",2785,"speaker",1
"2787",2787,"special**",1
"2788",2788,"specialist",1
"2790",2790,"spencer",1
"2793",2793,"spices",1
"2796",2796,"spine",1
"2797",2797,"spinning",1
"2799",2799,"spit",1
"2800",2800,"splash",1
"2801",2801,"split",1
"2802",2802,"spone",1
"2804",2804,"sponges",1
"2805",2805,"spoon",1
"2806",2806,"spoons",1
"2807",2807,"sports",1
"2809",2809,"springer",1
"2810",2810,"springroll",1
"2811",2811,"sprinkle",1
"2813",2813,"sprollroll",1
"2814",2814,"sprzedazy",1
"2815",2815,"squab",1
"2818",2818,"sri",1
"2819",2819,"srilankan",1
"2821",2821,"stackable",1
"2822",2822,"staffed",1
"2823",2823,"stain",1
"2825",2825,"stali",1
"2828",2828,"standing",1
"2830",2830,"stanton",1
"2832",2832,"staraining",1
"2834",2834,"starting",1
"2839",2839,"steama",1
"2843",2843,"stem",1
"2844",2844,"stemless",1
"2846",2846,"sterilize",1
"2849",2849,"sticky",1
"2854",2854,"stokesley",1
"2855",2855,"stone",1
"2856",2856,"stones",1
"2857",2857,"stools",1
"2862",2862,"stourbridge",1
"2865",2865,"strands",1
"2866",2866,"straws",1
"2868",2868,"stretch",1
"2869",2869,"strong",1
"2870",2870,"struggling",1
"2871",2871,"student",1
"2874",2874,"stuffer",1
"2875",2875,"stuffing",1
"2877",2877,"subway",1
"2878",2878,"suction",1
"2880",2880,"sugarfree",1
"2882",2882,"suje",1
"2884",2884,"sujji",1
"2887",2887,"sunnah",1
"2888",2888,"sunncamp",1
"2891",2891,"supper",1
"2892",2892,"supplements",1
"2893",2893,"suppliers",1
"2896",2896,"surfaces",1
"2897",2897,"surplus",1
"2898",2898,"suya",1
"2899",2899,"swap",1
"2900",2900,"sweeets",1
"2902",2902,"sweetie",1
"2904",2904,"sweetï¿½ï¿½",1
"2905",2905,"swirl",1
"2906",2906,"switzerland",1
"2907",2907,"swizzels",1
"2908",2908,"sx",1
"2912",2912,"table",1
"2917",2917,"tags",1
"2918",2918,"tailor",1
"2919",2919,"tajine",1
"2922",2922,"taken",1
"2924",2924,"takze",1
"2925",2925,"talking",1
"2928",2928,"tanks",1
"2929",2929,"tapas",1
"2930",2930,"tarka",1
"2931",2931,"tarmac",1
"2934",2934,"tartz",1
"2935",2935,"tasks",1
"2938",2938,"tawa",1
"2939",2939,"tbibi",1
"2940",2940,"tdi",1
"2943",2943,"teapot",1
"2944",2944,"teardrop",1
"2945",2945,"tearooms",1
"2947",2947,"tech",1
"2948",2948,"tee",1
"2949",2949,"teether",1
"2951",2951,"tel",1
"2952",2952,"temp",1
"2953",2953,"tempered",1
"2956",2956,"terrys",1
"2957",2957,"testy",1
"2961",2961,"thali",1
"2962",2962,"thank",1
"2963",2963,"thanks",1
"2966",2966,"them",1
"2967",2967,"themed",1
"2971",2971,"thermos",1
"2973",2973,"they",1
"2979",2979,"tie",1
"2982",2982,"tiffons",1
"2983",2983,"tikees",1
"2987",2987,"tikkaoff",1
"2989",2989,"tiles",1
"2992",2992,"timer",1
"2993",2993,"tin",1
"2994",2994,"tingy",1
"2997",2997,"tip",1
"2998",2998,"tippe",1
"2999",2999,"tipped",1
"3001",3001,"tippy",1
"3006",3006,"toad",1
"3007",3007,"toady",1
"3009",3009,"todays",1
"3011",3011,"toffee",1
"3015",3015,"ton",1
"3017",3017,"tons",1
"3018",3018,"too",1
"3020",3020,"topped",1
"3021",3021,"toppings",1
"3023",3023,"tortellini",1
"3024",3024,"tot",1
"3025",3025,"totally",1
"3026",3026,"tottenham",1
"3031",3031,"tp",1
"3032",3032,"trading",1
"3033",3033,"traditinnal",1
"3035",3035,"traditionally",1
"3036",3036,"trafic",1
"3038",3038,"trailers",1
"3039",3039,"train",1
"3042",3042,"transporter",1
"3045",3045,"traybake",1
"3048",3048,"trditional",1
"3050",3050,"treatments",1
"3052",3052,"trecco",1
"3055",3055,"trifle",1
"3056",3056,"trim",1
"3057",3057,"trimmings",1
"3058",3058,"trinket",1
"3059",3059,"trinkets",1
"3060",3060,"triple",1
"3064",3064,"truffle",1
"3066",3066,"truro",1
"3067",3067,"try",1
"3068",3068,"tshirts",1
"3069",3069,"tt",1
"3070",3070,"tu",1
"3073",3073,"tubes",1
"3075",3075,"tuckers",1
"3076",3076,"tudor",1
"3078",3078,"tumblers",1
"3081",3081,"turkÄ±sh",1
"3082",3082,"twin",1
"3085",3085,"type",1
"3086",3086,"types",1
"3087",3087,"typical",1
"3088",3088,"tyres",1
"3089",3089,"u",1
"3090",3090,"ubi",1
"3092",3092,"ukazika",1
"3094",3094,"uncle",1
"3095",3095,"uncooked",1
"3096",3096,"under",1
"3097",3097,"undercounter",1
"3098",3098,"underground",1
"3100",3100,"unicorns",1
"3101",3101,"unique",1
"3103",3103,"universal",1
"3104",3104,"unopened",1
"3107",3107,"uob",1
"3109",3109,"uploaded",1
"3110",3110,"upon",1
"3111",3111,"uppu",1
"3113",3113,"uri",1
"3114",3114,"urzÄ…dzenie",1
"3116",3116,"usa",1
"3117",3117,"usable",1
"3118",3118,"usb",1
"3121",3121,"useful",1
"3122",3122,"uszka",1
"3123",3123,"utensil",1
"3125",3125,"uthappam",1
"3126",3126,"utting",1
"3127",3127,"uz",1
"3128",3128,"vac",1
"3130",3130,"valeting",1
"3133",3133,"vanilla",1
"3135",3135,"varieties",1
"3136",3136,"variety",1
"3139",3139,"vas",1
"3145",3145,"vegitable",1
"3146",3146,"vegrolls",1
"3147",3147,"vehicle",1
"3149",3149,"vented",1
"3151",3151,"versatile",1
"3152",3152,"verses",1
"3154",3154,"vest",1
"3155",3155,"vhuna",1
"3156",3156,"vicki",1
"3157",3157,"victorian",1
"3158",3158,"villa",1
"3160",3160,"vins",1
"3164",3164,"visitâ„ï¸",1
"3166",3166,"vista",1
"3167",3167,"vistamar",1
"3168",3168,"vital",1
"3169",3169,"vivamk",1
"3170",3170,"vivexotic",1
"3171",3171,"voice",1
"3173",3173,"voluntary",1
"3174",3174,"volvo",1
"3176",3176,"voted",1
"3177",3177,"vovo",1
"3179",3179,"vyrobky",1
"3181",3181,"wada",1
"3183",3183,"walk",1
"3186",3186,"walls",1
"3188",3188,"want",1
"3189",3189,"wanted",1
"3190",3190,"waring",1
"3191",3191,"warm",1
"3193",3193,"warmers",1
"3194",3194,"warning",1
"3195",3195,"warps",1
"3196",3196,"wars",1
"3197",3197,"was",1
"3198",3198,"washer",1
"3199",3199,"washes",1
"3201",3201,"watering",1
"3202",3202,"waterproofed",1
"3203",3203,"waterside",1
"3204",3204,"watresistant",1
"3207",3207,"weâ€™re",1
"3208",3208,"weak",1
"3211",3211,"webber",1
"3212",3212,"website",1
"3217",3217,"weighing",1
"3218",3218,"weight",1
"3223",3223,"whatever",1
"3224",3224,"wheelhouse",1
"3229",3229,"wholesale",1
"3231",3231,"wigginton",1
"3233",3233,"willerby",1
"3234",3234,"william",1
"3235",3235,"winchester",1
"3236",3236,"windows",1
"3238",3238,"winner",1
"3241",3241,"wipe",1
"3242",3242,"wipes",1
"3243",3243,"wisdom",1
"3246",3246,"wobbly",1
"3247",3247,"wolf",1
"3248",3248,"wonder",1
"3249",3249,"wonderland",1
"3252",3252,"woodland",1
"3253",3253,"woofle",1
"3254",3254,"wording",1
"3257",3257,"workington",1
"3260",3260,"world",1
"3261",3261,"worlds",1
"3262",3262,"would",1
"3264",3264,"wrapping",1
"3267",3267,"writing",1
"3268",3268,"written",1
"3269",3269,"wura",1
"3278",3278,"yemeni",1
"3279",3279,"yes",1
"3280",3280,"yoga",1
"3281",3281,"yoghurt",1
"3284",3284,"yourself",1
"3285",3285,"ypres",1
"3287",3287,"zaferan",1
"3288",3288,"zapada",1
"3289",3289,"zara",1
"3291",3291,"zardara",1
"3292",3292,"zase",1
"3293",3293,"ze",1
"3294",3294,"zeera",1
"3295",3295,"zero",1
"3296",3296,"zing",1
"3297",3297,"zingy",1
"3298",3298,"zodiac",1
"3299",3299,"zoflora",1
"3301",3301,"zoomer",1
"3302",3302,"Ø£Ø±Ø²",1
"3304",3304,"Ø§Ø±Ø²",1
"3305",3305,"Ø§Ù„Ø®Ø¨Ø²",1
"3306",3306,"Ø§Ù„Ø±ÙÙŠØ³Ø©",1
"3307",3307,"Ø§Ù„Ù…ØºØ±Ø¨ÙŠ",1
"3308",3308,"Ø§Ù„Ù…ØºØ±Ø¨ÙŠØ©",1
"3309",3309,"Ø¨Ø®Ø§Ø±ÙŠ",1
"3310",3310,"Ø­Ù„Ø§Ù„",1
"3312",3312,"Ø±Ø®Ø³ÙŠØ³",1
"3313",3313,"Ø³Ù†ØªÙ‰",1
"3314",3314,"ÙØ·ÙŠØ±",1
"3315",3315,"ÙÙˆÙ…Ù†",1
"3316",3316,"ÙƒØ³Ø±Ù‡",1
"3317",3317,"ÙƒÙ„ÙˆÚ†Ù‡",1
"3318",3318,"Ù„Ø­Ù…Ù‡Ø¨Ø§Ù„Ø¹Ø¬ÙŠÙ†Ù‡",1
"3319",3319,"Ù…Ø®Ù…Ø§Ø±",1
"3320",3320,"Ù…Ø³Ù…Ù†",1
"3321",3321,"Ù…Ù†Ø¯Ù‰",1
"3322",3322,"à¸„à¸°",1
"3323",3323,"à¸„à¸¸à¸à¸à¸µà¹‰à¸ªà¸´à¸‡à¸„à¹‚à¸›à¸£à¹Œ",1
"3324",3324,"à¹à¸ˆà¸à¸Ÿà¸£à¸µ",1
"3325",3325,"à¸¥à¸¹à¸à¸Šà¸´à¹‰à¸™à¸«à¸¡à¸¹à¹à¸—à¹‰",1
"3326",3326,"à¸ªà¸™à¹ƒà¸ˆà¸ªà¸±à¹ˆà¸‡à¸„à¸°",1
"3327",3327,"à¸«à¸§à¸²à¸™à¸¡à¸±à¸™",1
"3328",3328,"à¸«à¸­à¸¡",1
"3329",3329,"à¸­à¸£à¹ˆà¸­à¸¢",1
"3332",3332,"ï¿½ï¿½caribbean",1
