"Source Url","Img","Price","Title","Location","Insideout"
"file:///Users/paul/Dropbox/workInProgress/facebookmarketplace/webarchives/Cardiff%20Facebook%20Marketplace.html","","£5","Delicious Asian malabari Home made Foods for party.","Cardiff, Wales · over a week ago",""
"file:///Users/paul/Dropbox/workInProgress/facebookmarketplace/webarchives/Cardiff%20Facebook%20Marketplace.html","","£8","Homemade peanut brittle/ nut cluster","Newport, Wales · 5 days ago",""
"file:///Users/paul/Dropbox/workInProgress/facebookmarketplace/webarchives/Cardiff%20Facebook%20Marketplace.html","","FREE","Pret surplus food on Olio app","Pontypridd, Wales · over a week ago",""
"file:///Users/paul/Dropbox/workInProgress/facebookmarketplace/webarchives/Cardiff%20Facebook%20Marketplace.html","","£4","Delicious homemade chilli chicken","Cardiff, Wales · over a week ago",""
"file:///Users/paul/Dropbox/workInProgress/facebookmarketplace/webarchives/Cardiff%20Facebook%20Marketplace.html","","£5","Biryani","Bristol, England · over a week ago",""
"file:///Users/paul/Dropbox/workInProgress/facebookmarketplace/webarchives/Cardiff%20Facebook%20Marketplace.html","","£10","Weaning bundle - tommee Tippee food blender + 16 food pots + Annabel Karmel food masher + cook books","Cardiff, Wales · 3 days ago",""
"file:///Users/paul/Dropbox/workInProgress/facebookmarketplace/webarchives/Cardiff%20Facebook%20Marketplace.html","","£45","Home made Baklava’s (made to order)","Cardiff, Wales · over a week ago",""
"file:///Users/paul/Dropbox/workInProgress/facebookmarketplace/webarchives/Cardiff%20Facebook%20Marketplace.html","","£10","Home made samosas","Bristol, England · over a week ago",""
"file:///Users/paul/Dropbox/workInProgress/facebookmarketplace/webarchives/Cardiff%20Facebook%20Marketplace.html","","£5","Home made magaj","Gloucester, England · over a week ago",""
"file:///Users/paul/Dropbox/workInProgress/facebookmarketplace/webarchives/Cardiff%20Facebook%20Marketplace.html","","FREE","HUNGRY WOLF HOMEMADE FOODS! BS57EY","Bristol, England · over a week ago",""
"file:///Users/paul/Dropbox/workInProgress/facebookmarketplace/webarchives/Cardiff%20Facebook%20Marketplace.html","","£8","Cake icing gun","Caerphilly, Wales · 3 hours ago",""
"file:///Users/paul/Dropbox/workInProgress/facebookmarketplace/webarchives/Cardiff%20Facebook%20Marketplace.html","","£5","Pickle onions","Hereford, England · 6 days ago",""
"file:///Users/paul/Dropbox/workInProgress/facebookmarketplace/webarchives/Cardiff%20Facebook%20Marketplace.html","","£7","Homemade food","Cheltenham, England · over a week ago",""
"file:///Users/paul/Dropbox/workInProgress/facebookmarketplace/webarchives/Cardiff%20Facebook%20Marketplace.html","","FREE","Food ZONE","Bridgwater, England · over a week ago",""
"file:///Users/paul/Dropbox/workInProgress/facebookmarketplace/webarchives/Cardiff%20Facebook%20Marketplace.html","","£1","All homemade pasties","Neath, Wales · over a week ago",""
"file:///Users/paul/Dropbox/workInProgress/facebookmarketplace/webarchives/Cardiff%20Facebook%20Marketplace.html","","FREE","Homemade cake maker","Cwmbran, Wales · over a week ago",""
"file:///Users/paul/Dropbox/workInProgress/facebookmarketplace/webarchives/Cardiff%20Facebook%20Marketplace.html","","FREE","Food Zone","Bridgwater, England · over a week ago",""
"file:///Users/paul/Dropbox/workInProgress/facebookmarketplace/webarchives/Cardiff%20Facebook%20Marketplace.html","","£5","Reindeer food, Santa’s magic keg & believe bell","Cardiff, Wales · 4 days ago",""
"file:///Users/paul/Dropbox/workInProgress/facebookmarketplace/webarchives/Cardiff%20Facebook%20Marketplace.html","","£8","Sunday roast delivery","Bristol, England · over a week ago",""
"file:///Users/paul/Dropbox/workInProgress/facebookmarketplace/webarchives/Cardiff%20Facebook%20Marketplace.html","","£6","baby food steamer and blender","Bristol, England · over a week ago",""
"file:///Users/paul/Dropbox/workInProgress/facebookmarketplace/webarchives/Cardiff%20Facebook%20Marketplace.html","","FREE","Homemade fudge!","Bristol, England · over a week ago",""
"file:///Users/paul/Dropbox/workInProgress/facebookmarketplace/webarchives/Cardiff%20Facebook%20Marketplace.html","","£5","Old school","Bristol, England · over a week ago",""
"file:///Users/paul/Dropbox/workInProgress/facebookmarketplace/webarchives/Cardiff%20Facebook%20Marketplace.html","","£1","Christmas eve box fillers","Weston-super-Mare, England · over a week ago",""
"file:///Users/paul/Dropbox/workInProgress/facebookmarketplace/webarchives/Cardiff%20Facebook%20Marketplace.html","","£15","homemade baby food pouch maker","Weston-super-Mare, England · over a week ago",""
"file:///Users/paul/Dropbox/workInProgress/facebookmarketplace/webarchives/Cardiff%20Facebook%20Marketplace.html","","£5","Traditional Sunday Lunch","Bridgend, Wales · over a week ago",""
"file:///Users/paul/Dropbox/workInProgress/facebookmarketplace/webarchives/Cardiff%20Facebook%20Marketplace.html","","FREE","Homemade Asian food","Bristol, England · over a week ago",""
"file:///Users/paul/Dropbox/workInProgress/facebookmarketplace/webarchives/Cardiff%20Facebook%20Marketplace.html","","£6","Homemade curry","Cheltenham, England · over a week ago",""
"file:///Users/paul/Dropbox/workInProgress/facebookmarketplace/webarchives/Cardiff%20Facebook%20Marketplace.html","","£11,111","Xmas meats","Cowbridge, Wales · about a day ago",""
"file:///Users/paul/Dropbox/workInProgress/facebookmarketplace/webarchives/Cardiff%20Facebook%20Marketplace.html","","£2","Traditional Scottish Confectionery","Newport, Wales · over a week ago",""
"file:///Users/paul/Dropbox/workInProgress/facebookmarketplace/webarchives/Cardiff%20Facebook%20Marketplace.html","","£6","Homemade Brazilian coxinha","Bristol, England · over a week ago",""
"file:///Users/paul/Dropbox/workInProgress/facebookmarketplace/webarchives/Cardiff%20Facebook%20Marketplace.html","","FREE","Homemade Marmalade 👍","Bristol, England · over a week ago",""
"file:///Users/paul/Dropbox/workInProgress/facebookmarketplace/webarchives/Cardiff%20Facebook%20Marketplace.html","","£25","Homemade pickles and Christmas cake","Port Talbot, Wales · over a week ago",""
"file:///Users/paul/Dropbox/workInProgress/facebookmarketplace/webarchives/Cardiff%20Facebook%20Marketplace.html","","FREE","Cheese cake","Pontypool, Wales · over a week ago",""
"file:///Users/paul/Dropbox/workInProgress/facebookmarketplace/webarchives/Cardiff%20Facebook%20Marketplace.html","","£123","Gender reveal cake made to order","Newport, Wales · over a week ago",""
"file:///Users/paul/Dropbox/workInProgress/facebookmarketplace/webarchives/Cardiff%20Facebook%20Marketplace.html","","£1","Christmas stockings","Cardiff, Wales · 6 days ago",""
"file:///Users/paul/Dropbox/workInProgress/facebookmarketplace/webarchives/Cardiff%20Facebook%20Marketplace.html","","£5","Brand new Baby Weaning food freezer cube pots","Cardiff, Wales · 3 days ago",""
"file:///Users/paul/Dropbox/workInProgress/facebookmarketplace/webarchives/Cardiff%20Facebook%20Marketplace.html","","FREE","FREE FOOD","Barnstaple, England · over a week ago",""
"file:///Users/paul/Dropbox/workInProgress/facebookmarketplace/webarchives/Cardiff%20Facebook%20Marketplace.html","","£1","Homebaking","Swansea, Wales · over a week ago",""
"file:///Users/paul/Dropbox/workInProgress/facebookmarketplace/webarchives/Cardiff%20Facebook%20Marketplace.html","","FREE","Buffets","Bristol, England · over a week ago",""
"file:///Users/paul/Dropbox/workInProgress/facebookmarketplace/webarchives/Cardiff%20Facebook%20Marketplace.html","","£1,111","Home Bread and Rolls","Bristol, England · over a week ago",""
"file:///Users/paul/Dropbox/workInProgress/facebookmarketplace/webarchives/Cardiff%20Facebook%20Marketplace.html","","£5","Reuseable food pouches x8","Bristol, England · over a week ago",""
"file:///Users/paul/Dropbox/workInProgress/facebookmarketplace/webarchives/Cardiff%20Facebook%20Marketplace.html","","FREE","Fantastic home made pickles jams and chutneys from the OrgasmicjamCo","Bristol, England · over a week ago",""
"file:///Users/paul/Dropbox/workInProgress/facebookmarketplace/webarchives/Cardiff%20Facebook%20Marketplace.html","","£5","Pure local honey","Exeter, England · over a week ago",""
"file:///Users/paul/Dropbox/workInProgress/facebookmarketplace/webarchives/Cardiff%20Facebook%20Marketplace.html","","£16","Mini Smoker. BBQ.","Exmouth, England · 6 days ago",""
"file:///Users/paul/Dropbox/workInProgress/facebookmarketplace/webarchives/Cardiff%20Facebook%20Marketplace.html","","£7","falafel king","Cheltenham, England · over a week ago",""
"file:///Users/paul/Dropbox/workInProgress/facebookmarketplace/webarchives/Cardiff%20Facebook%20Marketplace.html","","£1","Magic reindeer food","Barnstaple, England · 5 days ago",""
"file:///Users/paul/Dropbox/workInProgress/facebookmarketplace/webarchives/Cardiff%20Facebook%20Marketplace.html","","£9","Pierogi","Swindon, England · over a week ago",""
"file:///Users/paul/Dropbox/workInProgress/facebookmarketplace/webarchives/Cardiff%20Facebook%20Marketplace.html","","£15","Kenwood blender","Bristol, England · over a week ago",""
"file:///Users/paul/Dropbox/workInProgress/facebookmarketplace/webarchives/Cardiff%20Facebook%20Marketplace.html","","£7","Home made Tee","Gloucester, England · over a week ago",""
"file:///Users/paul/Dropbox/workInProgress/facebookmarketplace/webarchives/Cardiff%20Facebook%20Marketplace.html","","£1,234","Bespoke food cupboards","Bridport, England · over a week ago",""
"file:///Users/paul/Dropbox/workInProgress/facebookmarketplace/webarchives/Cardiff%20Facebook%20Marketplace.html","","FREE","Homemade Christmas gifts","Weston-super-Mare, England · over a week ago",""
"file:///Users/paul/Dropbox/workInProgress/facebookmarketplace/webarchives/Cardiff%20Facebook%20Marketplace.html","","£10","Xmas cupcakes","Bridgend, Wales · over a week ago",""
"file:///Users/paul/Dropbox/workInProgress/facebookmarketplace/webarchives/Cardiff%20Facebook%20Marketplace.html","","£5","Russell Hobbs mini food processor","Bristol, England · over a week ago",""
"file:///Users/paul/Dropbox/workInProgress/facebookmarketplace/webarchives/Cardiff%20Facebook%20Marketplace.html","","£15","NUBY baby food blender for purée and grinding","Cheltenham, England · over a week ago",""
"file:///Users/paul/Dropbox/workInProgress/facebookmarketplace/webarchives/Cardiff%20Facebook%20Marketplace.html","","£219,995","Stourport Road, Bromyard","Bromyard, England · over a week ago",""
"file:///Users/paul/Dropbox/workInProgress/facebookmarketplace/webarchives/Cardiff%20Facebook%20Marketplace.html","","£2","Cookworks 3 tier steamer","Bristol, England · about a day ago",""
"file:///Users/paul/Dropbox/workInProgress/facebookmarketplace/webarchives/Cardiff%20Facebook%20Marketplace.html","","£15","Home visit from Santa","Tredegar, Wales · over a week ago",""
"file:///Users/paul/Dropbox/workInProgress/facebookmarketplace/webarchives/Cardiff%20Facebook%20Marketplace.html","","£214,500","2 bedroom semi-detached house for sale","Bristol, England · over a week ago",""
"file:///Users/paul/Dropbox/workInProgress/facebookmarketplace/webarchives/Cardiff%20Facebook%20Marketplace.html","","FREE","terrys chip bar","Lydney, England · over a week ago",""
"file:///Users/paul/Dropbox/workInProgress/facebookmarketplace/webarchives/Cardiff%20Facebook%20Marketplace.html","","£5","Xmas eve treat bag","Blackwood, Wales · over a week ago",""
"file:///Users/paul/Dropbox/workInProgress/facebookmarketplace/webarchives/Cardiff%20Facebook%20Marketplace.html","","£8","Christmas Eve Boxes for your little ones 🎄🎅 ***Ferndale CF43***","Ferndale, Wales · over a week ago",""
"file:///Users/paul/Dropbox/workInProgress/facebookmarketplace/webarchives/Cardiff%20Facebook%20Marketplace.html","","£35","Candle Making Kit","Cheltenham, England · over a week ago",""
"file:///Users/paul/Dropbox/workInProgress/facebookmarketplace/webarchives/Cardiff%20Facebook%20Marketplace.html","","£11,111,111,111,111","Graffiti, walls, vans, canvases,baby rooms, restaurant, shops","Bristol, England · over a week ago",""
"file:///Users/paul/Dropbox/workInProgress/facebookmarketplace/webarchives/Cardiff%20Facebook%20Marketplace.html","","£176,497","Bromyard, Herefordshire","Bromyard, England · over a week ago",""
"file:///Users/paul/Dropbox/workInProgress/facebookmarketplace/webarchives/Cardiff%20Facebook%20Marketplace.html","","£10","BRAND NEW PAINT IN BLUSH GOLD","Bristol, England · 3 days ago",""
"file:///Users/paul/Dropbox/workInProgress/facebookmarketplace/webarchives/Cardiff%20Facebook%20Marketplace.html","","£25","Christmas visit","Pentre, Wales · over a week ago",""
"file:///Users/paul/Dropbox/workInProgress/facebookmarketplace/webarchives/Cardiff%20Facebook%20Marketplace.html","","£167,295","2 bedroom house for sale","Bromyard, England · over a week ago",""
"file:///Users/paul/Dropbox/workInProgress/facebookmarketplace/webarchives/Cardiff%20Facebook%20Marketplace.html","","£10","Christmas eve crates","Ilfracombe, England · about a day ago",""
"file:///Users/paul/Dropbox/workInProgress/facebookmarketplace/webarchives/Cardiff%20Facebook%20Marketplace.html","","£4","Homemade Christmas gifts","Weston-super-Mare, England · over a week ago",""
"file:///Users/paul/Dropbox/workInProgress/facebookmarketplace/webarchives/Cardiff%20Facebook%20Marketplace.html","","£10","Cake","Swansea, Wales · over a week ago",""
"file:///Users/paul/Dropbox/workInProgress/facebookmarketplace/webarchives/Cardiff%20Facebook%20Marketplace.html","","FREE","Cheese cakes","Penarth, Wales · over a week ago",""
"file:///Users/paul/Dropbox/workInProgress/facebookmarketplace/webarchives/Cardiff%20Facebook%20Marketplace.html","","£1,111","Award winning butcher","Pontypridd, Wales · over a week ago",""
"file:///Users/paul/Dropbox/workInProgress/facebookmarketplace/webarchives/Cardiff%20Facebook%20Marketplace.html","","£7","Sunday roast dinner","Bristol, England · 5 days ago",""
"file:///Users/paul/Dropbox/workInProgress/facebookmarketplace/webarchives/Cardiff%20Facebook%20Marketplace.html","","FREE","Not selling","Newport, Wales · over a week ago",""
"file:///Users/paul/Dropbox/workInProgress/facebookmarketplace/webarchives/Cardiff%20Facebook%20Marketplace.html","","FREE","FOOD ZONE","Bridgwater, England · over a week ago",""
"file:///Users/paul/Dropbox/workInProgress/facebookmarketplace/webarchives/Cardiff%20Facebook%20Marketplace.html","","£1","Homemade Jams, Chutneys and pickles.","Stroud, England · over a week ago",""
"file:///Users/paul/Dropbox/workInProgress/facebookmarketplace/webarchives/Cardiff%20Facebook%20Marketplace.html","","£5","Food cubes","Pontyclun, Wales · over a week ago",""
"file:///Users/paul/Dropbox/workInProgress/facebookmarketplace/webarchives/Cardiff%20Facebook%20Marketplace.html","","£4","Cake Rusk","Swindon, England · over a week ago",""
"file:///Users/paul/Dropbox/workInProgress/facebookmarketplace/webarchives/Cardiff%20Facebook%20Marketplace.html","","FREE","Free brewing sugar","Newport, Wales · over a week ago",""
"file:///Users/paul/Dropbox/workInProgress/facebookmarketplace/webarchives/Cardiff%20Facebook%20Marketplace.html","","FREE","rocky road","Cardiff, Wales · over a week ago",""
"file:///Users/paul/Dropbox/workInProgress/facebookmarketplace/webarchives/Cardiff%20Facebook%20Marketplace.html","","£5","Whole food sodium bicarbonate! 4KG","Bristol, England · over a week ago",""
"file:///Users/paul/Dropbox/workInProgress/facebookmarketplace/webarchives/Cardiff%20Facebook%20Marketplace.html","","£5","Caerau Social Sunday Lunch","Maesteg, Wales · over a week ago",""
"file:///Users/paul/Dropbox/workInProgress/facebookmarketplace/webarchives/Cardiff%20Facebook%20Marketplace.html","","£950","Homemade individual christmas cakes","Pewsey, England · over a week ago",""
"file:///Users/paul/Dropbox/workInProgress/facebookmarketplace/webarchives/Cardiff%20Facebook%20Marketplace.html","","£3","Silesian Food","Gloucester, England · over a week ago",""
"file:///Users/paul/Dropbox/workInProgress/facebookmarketplace/webarchives/Cardiff%20Facebook%20Marketplace.html","","£6","Roast dinners available every sunday at the park diner innsworth tech park 👌","Gloucester, England · over a week ago",""
"file:///Users/paul/Dropbox/workInProgress/facebookmarketplace/webarchives/Cardiff%20Facebook%20Marketplace.html","","£1,234","Get yourself ready for christmas🎄❄️","Cardiff, Wales · over a week ago",""
"file:///Users/paul/Dropbox/workInProgress/facebookmarketplace/webarchives/Cardiff%20Facebook%20Marketplace.html","","£4","Chutney","Weston-super-Mare, England · over a week ago",""
"file:///Users/paul/Dropbox/workInProgress/facebookmarketplace/webarchives/Cardiff%20Facebook%20Marketplace.html","","£10","Afternoon Tea in your own home or venue!","Weston-super-Mare, England · over a week ago",""
"file:///Users/paul/Dropbox/workInProgress/facebookmarketplace/webarchives/Cardiff%20Facebook%20Marketplace.html","","£1,234","Homemade christams items 🎄🎅🏻⛄️","Cardiff, Wales · over a week ago",""
"file:///Users/paul/Dropbox/workInProgress/facebookmarketplace/webarchives/Cardiff%20Facebook%20Marketplace.html","","£4","King Charles Cavalier Figurine By Leonardo Brand New in Box","Cardiff, Wales · over a week ago",""
"file:///Users/paul/Dropbox/workInProgress/facebookmarketplace/webarchives/Cardiff%20Facebook%20Marketplace.html","","£1","Halloween specials.","Caerphilly, Wales · over a week ago",""
"file:///Users/paul/Dropbox/workInProgress/facebookmarketplace/webarchives/Cardiff%20Facebook%20Marketplace.html","","FREE","I got these made up but still need to add the raindeer food And chocolate coins they have slightly","Tonypandy, Wales · over a week ago",""
"file:///Users/paul/Dropbox/workInProgress/facebookmarketplace/webarchives/Cardiff%20Facebook%20Marketplace.html","","£6","Christmas Eve boxes","Bristol, England · over a week ago",""
"file:///Users/paul/Dropbox/workInProgress/facebookmarketplace/webarchives/Cardiff%20Facebook%20Marketplace.html","","£2","Soap & Glory Hand Food hand cream and Heel Genius foot cream","Cardiff, Wales · over a week ago",""
"file:///Users/paul/Dropbox/workInProgress/facebookmarketplace/webarchives/Cardiff%20Facebook%20Marketplace.html","","£1","Homemade bubble dust","Highbridge, England · over a week ago",""
"file:///Users/paul/Dropbox/workInProgress/facebookmarketplace/webarchives/Cardiff%20Facebook%20Marketplace.html","","£10","Tailor made packages of support at home","Gloucester, England · over a week ago",""
"file:///Users/paul/Dropbox/workInProgress/facebookmarketplace/webarchives/Cardiff%20Facebook%20Marketplace.html","","£1","Xmas pickles","Gloucester, England · 3 days ago",""
"file:///Users/paul/Dropbox/workInProgress/facebookmarketplace/webarchives/Cardiff%20Facebook%20Marketplace.html","","FREE","Chutneys and relishes.....","Bristol, England · over a week ago",""
"file:///Users/paul/Dropbox/workInProgress/facebookmarketplace/webarchives/Cardiff%20Facebook%20Marketplace.html","","£2","Koko baby food pouches","Gloucester, England · over a week ago",""
"file:///Users/paul/Dropbox/workInProgress/facebookmarketplace/webarchives/Cardiff%20Facebook%20Marketplace.html","","FREE","Christmas crates","Ilfracombe, England · over a week ago",""
"file:///Users/paul/Dropbox/workInProgress/facebookmarketplace/webarchives/Cardiff%20Facebook%20Marketplace.html","","£250","Christmas cones","Bristol, England · over a week ago",""
"file:///Users/paul/Dropbox/workInProgress/facebookmarketplace/webarchives/Cardiff%20Facebook%20Marketplace.html","","£4","Reusable baby food packs","Ilfracombe, England · over a week ago",""
"file:///Users/paul/Dropbox/workInProgress/facebookmarketplace/webarchives/Cardiff%20Facebook%20Marketplace.html","","£10","Yoghurt Maker","Aberdare, Wales · over a week ago",""
"file:///Users/paul/Dropbox/workInProgress/facebookmarketplace/webarchives/Cardiff%20Facebook%20Marketplace.html","","£20","Christmas Eve Box","Cardiff, Wales · over a week ago",""
"file:///Users/paul/Dropbox/workInProgress/facebookmarketplace/webarchives/Cardiff%20Facebook%20Marketplace.html","","£8","Barbie kitchen","Melksham, England · 3 hours ago",""
"file:///Users/paul/Dropbox/workInProgress/facebookmarketplace/webarchives/Cardiff%20Facebook%20Marketplace.html","","£5","Dog Food","Bristol, England · over a week ago",""
"file:///Users/paul/Dropbox/workInProgress/facebookmarketplace/webarchives/Cardiff%20Facebook%20Marketplace.html","","£40","Rotisserie spit roast oven","Neath, Wales · over a week ago",""
"file:///Users/paul/Dropbox/workInProgress/facebookmarketplace/webarchives/Cardiff%20Facebook%20Marketplace.html","","£65","Wooden campervan","Bristol, England · 2 hours ago",""
"file:///Users/paul/Dropbox/workInProgress/facebookmarketplace/webarchives/Cardiff%20Facebook%20Marketplace.html","","£5","Rachel Ellen Christmas Organiser. Brand new","Cardiff, Wales · over a week ago",""
"file:///Users/paul/Dropbox/workInProgress/facebookmarketplace/webarchives/Cardiff%20Facebook%20Marketplace.html","","£10","Avent storage containers","Bristol, England · over a week ago",""
"file:///Users/paul/Dropbox/workInProgress/facebookmarketplace/webarchives/Cardiff%20Facebook%20Marketplace.html","","£365,000","Takeaway","Cardiff, Wales · over a week ago",""
"file:///Users/paul/Dropbox/workInProgress/facebookmarketplace/webarchives/Cardiff%20Facebook%20Marketplace.html","","£1","Party flashing LED Ice Cubes Light Multi-Color Liquid Sensor","Cardiff, Wales · over a week ago",""
"file:///Users/paul/Dropbox/workInProgress/facebookmarketplace/webarchives/Cardiff%20Facebook%20Marketplace.html","","£10","Toy deli","Cardiff, Wales · about a day ago",""
"file:///Users/paul/Dropbox/workInProgress/facebookmarketplace/webarchives/Cardiff%20Facebook%20Marketplace.html","","FREE","The Body Shop at home","Bristol, England · over a week ago",""
"file:///Users/paul/Dropbox/workInProgress/facebookmarketplace/webarchives/Cardiff%20Facebook%20Marketplace.html","","£15","Marco Made Easy:A Three-Star Chef Makes It Simple by Marco Pierre White Cookbook","Cheltenham, England · 23 hours ago",""
"file:///Users/paul/Dropbox/workInProgress/facebookmarketplace/webarchives/Cardiff%20Facebook%20Marketplace.html","","£27,995","Bromyard, Herefordshire","Bromyard, England · over a week ago",""
"file:///Users/paul/Dropbox/workInProgress/facebookmarketplace/webarchives/Cardiff%20Facebook%20Marketplace.html","","£9","Christmas Eve gift boxes","Taunton, England · over a week ago",""
"file:///Users/paul/Dropbox/workInProgress/facebookmarketplace/webarchives/Cardiff%20Facebook%20Marketplace.html","","FREE","Holiday home at Brean sands for let","Swindon, England · over a week ago",""
"file:///Users/paul/Dropbox/workInProgress/facebookmarketplace/webarchives/Cardiff%20Facebook%20Marketplace.html","","£1,999","Christmas eve box","Swindon, England · over a week ago",""
"file:///Users/paul/Dropbox/workInProgress/facebookmarketplace/webarchives/Cardiff%20Facebook%20Marketplace.html","","£6","Reusable stainless steel straws","Bristol, England · over a week ago",""
"file:///Users/paul/Dropbox/workInProgress/facebookmarketplace/webarchives/Cardiff%20Facebook%20Marketplace.html","","£2","Singing teapot and assortment of tea set","Bristol, England · over a week ago",""
"file:///Users/paul/Dropbox/workInProgress/facebookmarketplace/webarchives/Cardiff%20Facebook%20Marketplace.html","","£5","Candle Moulding Set:)","Exeter, England · over a week ago",""
"file:///Users/paul/Dropbox/workInProgress/facebookmarketplace/webarchives/Cardiff%20Facebook%20Marketplace.html","","£20","Personalised Christmas Eve Box","Bridgend, Wales · over a week ago",""
"file:///Users/paul/Dropbox/workInProgress/facebookmarketplace/webarchives/Cardiff%20Facebook%20Marketplace.html","","£12","Christmas Eve box","Bridgend, Wales · over a week ago",""
"file:///Users/paul/Dropbox/workInProgress/facebookmarketplace/webarchives/Cardiff%20Facebook%20Marketplace.html","","£147,500","Stourport Road, Bromyard","Bromyard, England · over a week ago",""
"file:///Users/paul/Dropbox/workInProgress/facebookmarketplace/webarchives/Cardiff%20Facebook%20Marketplace.html","","£25","Christmas visits","Pentre, Wales · over a week ago",""
"file:///Users/paul/Dropbox/workInProgress/facebookmarketplace/webarchives/Cardiff%20Facebook%20Marketplace.html","","£111,111,111","Signs","Gloucester, England · over a week ago",""
"file:///Users/paul/Dropbox/workInProgress/facebookmarketplace/webarchives/Cardiff%20Facebook%20Marketplace.html","","£599,995","4 bedroom townhouse for sale","Swansea, Wales · over a week ago",""
"file:///Users/paul/Dropbox/workInProgress/facebookmarketplace/webarchives/Cardiff%20Facebook%20Marketplace.html","","£28","Beaba babycook Original - Excellent Condition baby food blender steamer","Cheltenham, England · over a week ago",""
"file:///Users/paul/Dropbox/workInProgress/facebookmarketplace/webarchives/Cardiff%20Facebook%20Marketplace.html","","£430,000","5 bedroom detached house for sale","Lydney, England · over a week ago",""
"file:///Users/paul/Dropbox/workInProgress/facebookmarketplace/webarchives/Cardiff%20Facebook%20Marketplace.html","","£2","Eco Friendly Magic Reindeer Food with sparkle!","Cheltenham, England · over a week ago",""
"file:///Users/paul/Dropbox/workInProgress/facebookmarketplace/webarchives/Cardiff%20Facebook%20Marketplace.html","","£30","Itsy Blitz","Swindon, England · over a week ago",""
"file:///Users/paul/Dropbox/workInProgress/facebookmarketplace/webarchives/Cardiff%20Facebook%20Marketplace.html","","£224,995","2 bedroom house for sale","Bromyard, England · over a week ago",""
"file:///Users/paul/Dropbox/workInProgress/facebookmarketplace/webarchives/Cardiff%20Facebook%20Marketplace.html","","FREE","Burgers","Tredegar, Wales · over a week ago",""
"file:///Users/paul/Dropbox/workInProgress/facebookmarketplace/webarchives/Cardiff%20Facebook%20Marketplace.html","","£10","Corned beef pie or minced steak pie or cheese and onion pies all homemade from Sandy’s Kitchen","Port Talbot, Wales · over a week ago",""
"file:///Users/paul/Dropbox/workInProgress/facebookmarketplace/webarchives/Cardiff%20Facebook%20Marketplace.html","","£1","Cookies","Shepton Mallet, England · over a week ago",""
"file:///Users/paul/Dropbox/workInProgress/facebookmarketplace/webarchives/Cardiff%20Facebook%20Marketplace.html","","£1","homemade lipsticks/lipsolves","Beaminster, England · over a week ago",""
"file:///Users/paul/Dropbox/workInProgress/facebookmarketplace/webarchives/Cardiff%20Facebook%20Marketplace.html","","£650","hellalicous cakes","Bristol, England · over a week ago",""
"file:///Users/paul/Dropbox/workInProgress/facebookmarketplace/webarchives/Cardiff%20Facebook%20Marketplace.html","","FREE","SHORTBREADS","Chippenham, England · over a week ago",""
"file:///Users/paul/Dropbox/workInProgress/facebookmarketplace/webarchives/Cardiff%20Facebook%20Marketplace.html","","£50","Outdoor bar","Bristol, England · over a week ago",""
"file:///Users/paul/Dropbox/workInProgress/facebookmarketplace/webarchives/Cardiff%20Facebook%20Marketplace.html","","£8","Made Without Gluten Fish &Chips","Newent, England · over a week ago",""
"file:///Users/paul/Dropbox/workInProgress/facebookmarketplace/webarchives/Cardiff%20Facebook%20Marketplace.html","","£7","Food","Leominster, England · over a week ago",""
"file:///Users/paul/Dropbox/workInProgress/facebookmarketplace/webarchives/Cardiff%20Facebook%20Marketplace.html","","£14","Bubble Tea Popping Boba FRUIT PEARLS 3.2kg RASPBERRY original Vegan Gluten free","Pontyclun, Wales · over a week ago",""
"file:///Users/paul/Dropbox/workInProgress/facebookmarketplace/webarchives/Cardiff%20Facebook%20Marketplace.html","","FREE","Body shop at home consultant","Merthyr Tydfil, Wales · over a week ago",""
"file:///Users/paul/Dropbox/workInProgress/facebookmarketplace/webarchives/Cardiff%20Facebook%20Marketplace.html","","£5","Antique Earthenware Beverage and Food Containers (17-1800s): Various prices;please see detail below","Bristol, England · over a week ago",""
"file:///Users/paul/Dropbox/workInProgress/facebookmarketplace/webarchives/Cardiff%20Facebook%20Marketplace.html","","£5","Santa boot with sweets £5 each","Blaenavon, Wales · over a week ago",""
"file:///Users/paul/Dropbox/workInProgress/facebookmarketplace/webarchives/Cardiff%20Facebook%20Marketplace.html","","£10","Candles","Stroud, England · over a week ago",""
"file:///Users/paul/Dropbox/workInProgress/facebookmarketplace/webarchives/Cardiff%20Facebook%20Marketplace.html","","£6","Food","Cheltenham, England · over a week ago",""
"file:///Users/paul/Dropbox/workInProgress/facebookmarketplace/webarchives/Cardiff%20Facebook%20Marketplace.html","","£5","Personalised Christmas eve boxes 🎄🎅🏻","Bristol, England · over a week ago",""
"file:///Users/paul/Dropbox/workInProgress/facebookmarketplace/webarchives/Cardiff%20Facebook%20Marketplace.html","","£1","WEEKEND SALE","Pewsey, England · over a week ago",""
"file:///Users/paul/Dropbox/workInProgress/facebookmarketplace/webarchives/Cardiff%20Facebook%20Marketplace.html","","FREE","Brockworth Community Centre autumn fair","Stroud, England · over a week ago",""
"file:///Users/paul/Dropbox/workInProgress/facebookmarketplace/webarchives/Cardiff%20Facebook%20Marketplace.html","","£20","Christmas eve boxes","Taunton, England · over a week ago",""
"file:///Users/paul/Dropbox/workInProgress/facebookmarketplace/webarchives/Cardiff%20Facebook%20Marketplace.html","","£7","A Pair of Extra Large Food Grade Nylon Filter/Staraining Bags","Bristol, England · over a week ago",""
"file:///Users/paul/Dropbox/workInProgress/facebookmarketplace/webarchives/Cardiff%20Facebook%20Marketplace.html","","£15","Multi Award Winning Three Domed Indian Restaurant Bath Somerset UK.","Bath, England · over a week ago",""
"file:///Users/paul/Dropbox/workInProgress/facebookmarketplace/webarchives/Cardiff%20Facebook%20Marketplace.html","","£20","Christmas eve box","Ebbw Vale, Wales · over a week ago",""
"file:///Users/paul/Dropbox/workInProgress/facebookmarketplace/webarchives/Cardiff%20Facebook%20Marketplace.html","","£8","New worktop saver chopping board","Cardiff, Wales · over a week ago",""
"file:///Users/paul/Dropbox/workInProgress/facebookmarketplace/webarchives/Cardiff%20Facebook%20Marketplace.html","","£25","Food safe (potato/apple/bulb storage cabinet)","Wells, England · over a week ago",""
"file:///Users/paul/Dropbox/workInProgress/facebookmarketplace/webarchives/Cardiff%20Facebook%20Marketplace.html","","£10","Christmas eve boxes","Pontypool, Wales · over a week ago",""
"file:///Users/paul/Dropbox/workInProgress/facebookmarketplace/webarchives/Cardiff%20Facebook%20Marketplace.html","","£10","Baby weaning 'stuff'","Devizes, England · over a week ago",""
"file:///Users/paul/Dropbox/workInProgress/facebookmarketplace/webarchives/Cardiff%20Facebook%20Marketplace.html","","£10","Food / cereal bar mould","Honiton, England · over a week ago",""
"file:///Users/paul/Dropbox/workInProgress/facebookmarketplace/webarchives/Cardiff%20Facebook%20Marketplace.html","","£20","ELC Mini Kitchen","Chippenham, England · over a week ago",""
"file:///Users/paul/Dropbox/workInProgress/facebookmarketplace/webarchives/Cardiff%20Facebook%20Marketplace.html","","FREE","Shortbread","Chippenham, England · over a week ago",""
"file:///Users/paul/Dropbox/workInProgress/facebookmarketplace/webarchives/Cardiff%20Facebook%20Marketplace.html","","£13","Honey","Bristol, England · over a week ago",""
"file:///Users/paul/Dropbox/workInProgress/facebookmarketplace/webarchives/Cardiff%20Facebook%20Marketplace.html","","FREE","A Jumble sale/carboot sale/garage sale","Hereford, England · over a week ago",""
"file:///Users/paul/Dropbox/workInProgress/facebookmarketplace/webarchives/Cardiff%20Facebook%20Marketplace.html","","£15","Quality Wood Boards","Glastonbury, England · over a week ago",""
"file:///Users/paul/Dropbox/workInProgress/facebookmarketplace/webarchives/Cardiff%20Facebook%20Marketplace.html","","£25","Traditional Christmas cakes","Swindon, England · over a week ago",""
"file:///Users/paul/Dropbox/workInProgress/facebookmarketplace/webarchives/Cardiff%20Facebook%20Marketplace.html","","£24","Scentsy","Cullompton, England · over a week ago",""
"file:///Users/paul/Dropbox/workInProgress/facebookmarketplace/webarchives/Cardiff%20Facebook%20Marketplace.html","","£9","Coca-Cola Small Flat Metal Storage Tin Advertising Collectable Trinkets Box","Cheltenham, England · over a week ago",""
"file:///Users/paul/Dropbox/workInProgress/facebookmarketplace/webarchives/Cardiff%20Facebook%20Marketplace.html","","£7","Dog Fart Freshener Candle","Chippenham, England · 3 days ago",""
"file:///Users/paul/Dropbox/workInProgress/facebookmarketplace/webarchives/Cardiff%20Facebook%20Marketplace.html","","£30","Kimchi and kraut workshop","Crediton, England · over a week ago",""
"file:///Users/paul/Dropbox/workInProgress/facebookmarketplace/webarchives/Cardiff%20Facebook%20Marketplace.html","","FREE","Bath salts","Bristol, England · 5 days ago",""
"file:///Users/paul/Dropbox/workInProgress/facebookmarketplace/webarchives/Cardiff%20Facebook%20Marketplace.html","","£7","Christmas Dog Fart Freshener Candles","Chippenham, England · over a week ago",""
"file:///Users/paul/Dropbox/workInProgress/facebookmarketplace/webarchives/Cardiff%20Facebook%20Marketplace.html","","£15","Christmas Eve Boxes - last day of orders","Swindon, England · over a week ago",""
"file:///Users/paul/Dropbox/workInProgress/facebookmarketplace/webarchives/Cardiff%20Facebook%20Marketplace.html","","£20","Hampers","Porth, Wales · over a week ago",""
"file:///Users/paul/Dropbox/workInProgress/facebookmarketplace/webarchives/Cardiff%20Facebook%20Marketplace.html","","£5","CHRISTMAS EVE PLATTER","Colyton, England · over a week ago",""
"file:///Users/paul/Dropbox/workInProgress/facebookmarketplace/webarchives/Cardiff%20Facebook%20Marketplace.html","","£10","Fill n Squeeze","Swindon, England · over a week ago",""
"file:///Users/paul/Dropbox/workInProgress/facebookmarketplace/webarchives/Cardiff%20Facebook%20Marketplace.html","","£20","Hamster cage with accessories, food and bedding, clean and ready for a pet","Cwmbran, Wales · over a week ago",""
"file:///Users/paul/Dropbox/workInProgress/facebookmarketplace/webarchives/Cardiff%20Facebook%20Marketplace.html","","£15","Christmas Eve Boxes","Swindon, England · over a week ago",""
"file:///Users/paul/Dropbox/workInProgress/facebookmarketplace/webarchives/Cardiff%20Facebook%20Marketplace.html","","£1,500,000","5 bedroom detached house for sale","Exeter, England · over a week ago",""
"file:///Users/paul/Dropbox/workInProgress/facebookmarketplace/webarchives/Cardiff%20Facebook%20Marketplace.html","","FREE","Polystyrene Box FREE to collector","Gloucester, England · over a week ago",""
"file:///Users/paul/Dropbox/workInProgress/facebookmarketplace/webarchives/Cardiff%20Facebook%20Marketplace.html","","FREE","Toys","Leominster, England · over a week ago",""
"file:///Users/paul/Dropbox/workInProgress/facebookmarketplace/webarchives/Cardiff%20Facebook%20Marketplace.html","","£5","347 Moving House Box Stickers!","Calne, England · over a week ago",""
"file:///Users/paul/Dropbox/workInProgress/facebookmarketplace/webarchives/Cardiff%20Facebook%20Marketplace.html","","£10","REPTILE WATER DISPENSER - NEW never used good quality heavy, glass bulb water holder","Weston-super-Mare, England · over a week ago",""
"file:///Users/paul/Dropbox/workInProgress/facebookmarketplace/webarchives/Cardiff%20Facebook%20Marketplace.html","","£1,999","Christmas eve box","Swindon, England · over a week ago",""
"file:///Users/paul/Dropbox/workInProgress/facebookmarketplace/webarchives/Cardiff%20Facebook%20Marketplace.html","","£25","Cookworks","Tewkesbury, England · over a week ago",""
"file:///Users/paul/Dropbox/workInProgress/facebookmarketplace/webarchives/Cardiff%20Facebook%20Marketplace.html","","£123,456","Sweet cones, jars, baubles and reindeer food","Brecon, Wales · over a week ago",""
"file:///Users/paul/Dropbox/workInProgress/facebookmarketplace/webarchives/Cardiff%20Facebook%20Marketplace.html","","£8","Dog Fart Freshener Candles","Chippenham, England · over a week ago",""
"file:///Users/paul/Dropbox/workInProgress/facebookmarketplace/webarchives/Cardiff%20Facebook%20Marketplace.html","","£5","Personalised Christmas eve boxes - £5 each 🎅🏻🎄","Bristol, England · over a week ago",""
"file:///Users/paul/Dropbox/workInProgress/facebookmarketplace/webarchives/Cardiff%20Facebook%20Marketplace.html","","£1","Christmas bracelet","Exeter, England · over a week ago",""
"file:///Users/paul/Dropbox/workInProgress/facebookmarketplace/webarchives/Cardiff%20Facebook%20Marketplace.html","","£9","Blue magic cleaner","Wellington, England · over a week ago",""
"file:///Users/paul/Dropbox/workInProgress/facebookmarketplace/webarchives/Cardiff%20Facebook%20Marketplace.html","","£695,000","3 bedroom house for sale","Presteigne, Wales · over a week ago",""
"file:///Users/paul/Dropbox/workInProgress/facebookmarketplace/webarchives/Cardiff%20Facebook%20Marketplace.html","","FREE","Sweet Cones","Swindon, England · over a week ago",""
"file:///Users/paul/Dropbox/workInProgress/facebookmarketplace/webarchives/Cardiff%20Facebook%20Marketplace.html","","£2","Baby food masher","Gloucester, England · over a week ago",""
"file:///Users/paul/Dropbox/workInProgress/facebookmarketplace/webarchives/Cardiff%20Facebook%20Marketplace.html","","£15","Fordable Golden aluminium 2 Shelves Serving Catering Trolley on wheels","Swindon, England · 56 minutes ago",""
"file:///Users/paul/Dropbox/workInProgress/facebookmarketplace/webarchives/Cardiff%20Facebook%20Marketplace.html","","£1,234","✨ VINTAGE FURNITURE SHOP NEW STOCK ✨","Swansea, Wales · over a week ago",""
"file:///Users/paul/Dropbox/workInProgress/facebookmarketplace/webarchives/Cardiff%20Facebook%20Marketplace.html","","£8","Large personalised Christmas Eve box 🎄🎅🏻","Bristol, England · over a week ago",""
"file:///Users/paul/Dropbox/workInProgress/facebookmarketplace/webarchives/Cardiff%20Facebook%20Marketplace.html","","£500,000","4 bedroom detached house for sale","Cheltenham, England · over a week ago",""
"file:///Users/paul/Dropbox/workInProgress/facebookmarketplace/webarchives/Cardiff%20Facebook%20Marketplace.html","","£123","Sweet cones amd christmas eve box special","Swindon, England · over a week ago",""
"file:///Users/paul/Dropbox/workInProgress/facebookmarketplace/webarchives/Cardiff%20Facebook%20Marketplace.html","","£25","Eco friendly peanut shaped hamster cage with bedding, food & ball","Swansea, Wales · over a week ago",""
"file:///Users/paul/Dropbox/workInProgress/facebookmarketplace/webarchives/Cardiff%20Facebook%20Marketplace.html","","£24,995","Bromyard, Herefordshire","Bromyard, England · over a week ago",""
"file:///Users/paul/Dropbox/workInProgress/facebookmarketplace/webarchives/Cardiff%20Facebook%20Marketplace.html","","£7","Comedy candle for cat owners","Chippenham, England · 3 days ago",""
"file:///Users/paul/Dropbox/workInProgress/facebookmarketplace/webarchives/Cardiff%20Facebook%20Marketplace.html","","£26","Kitchenella Signed Copy By Rose Prince Had Back Cook Book 2011 Recipes Cookery","Cheltenham, England · 23 hours ago",""
"file:///Users/paul/Dropbox/workInProgress/facebookmarketplace/webarchives/Cardiff%20Facebook%20Marketplace.html","","£5","set of two mermaid inspied tumblers glass","Bideford, England · over a week ago",""
"file:///Users/paul/Dropbox/workInProgress/facebookmarketplace/webarchives/Cardiff%20Facebook%20Marketplace.html","","£5","Soledi Baby Food Storage Container with Secure Lid","Swindon, England · over a week ago",""
"file:///Users/paul/Dropbox/workInProgress/facebookmarketplace/webarchives/Cardiff%20Facebook%20Marketplace.html","","£2","Annabel Karmel toddler recipe book and weaning book","Swindon, England · over a week ago",""
"file:///Users/paul/Dropbox/workInProgress/facebookmarketplace/webarchives/Cardiff%20Facebook%20Marketplace.html","","£375,000","3 bedrooms house for sale","Shaftesbury, England · over a week ago",""
"file:///Users/paul/Dropbox/workInProgress/facebookmarketplace/webarchives/Cardiff%20Facebook%20Marketplace.html","","FREE","Baylis and Harding sets brand new","Calne, England · over a week ago",""
"file:///Users/paul/Dropbox/workInProgress/facebookmarketplace/webarchives/Cardiff%20Facebook%20Marketplace.html","","£4","Dinner Winner Trays","Exmouth, England · over a week ago",""
"file:///Users/paul/Dropbox/workInProgress/facebookmarketplace/webarchives/Cardiff%20Facebook%20Marketplace.html","","£25","Childrens 37 pc Kitchen Utensil Play Set - Pots and Pans etc NEW","Hereford, England · 3 days ago",""
"file:///Users/paul/Dropbox/workInProgress/facebookmarketplace/webarchives/Cardiff%20Facebook%20Marketplace.html","","FREE","Christmas things","Chippenham, England · over a week ago",""
"file:///Users/paul/Dropbox/workInProgress/facebookmarketplace/webarchives/Cardiff%20Facebook%20Marketplace.html","","£5","Dog Food","Braunton, England · over a week ago",""
"file:///Users/paul/Dropbox/workInProgress/facebookmarketplace/webarchives/Cardiff%20Facebook%20Marketplace.html","","£7","Gold unicorn freshner","Bristol, England · over a week ago",""
"file:///Users/paul/Dropbox/workInProgress/facebookmarketplace/webarchives/Cardiff%20Facebook%20Marketplace.html","","£5","Modern Zodiac Glass Worktop Tempered Glass Chopping Cutting Board aubergine. BRAND NEW AND SEALED","Bristol, England · over a week ago",""
"file:///Users/paul/Dropbox/workInProgress/facebookmarketplace/webarchives/Cardiff%20Facebook%20Marketplace.html","","£2","Juniper berries","Malmesbury, England · over a week ago",""
"file:///Users/paul/Dropbox/workInProgress/facebookmarketplace/webarchives/Cardiff%20Facebook%20Marketplace.html","","£8","24 Coopers 550ml PET bottles with reusable screw-on plastic caps","Shepton Mallet, England · over a week ago",""
"file:///Users/paul/Dropbox/workInProgress/facebookmarketplace/webarchives/Cardiff%20Facebook%20Marketplace.html","","£10","Cow & Gate","Bath, England · over a week ago",""
"file:///Users/paul/Dropbox/workInProgress/facebookmarketplace/webarchives/Cardiff%20Facebook%20Marketplace.html","","£10","Dog cat food water bowl extra large 1400ml stainless steel","Exeter, England · over a week ago",""
"file:///Users/paul/Dropbox/workInProgress/facebookmarketplace/webarchives/Cardiff%20Facebook%20Marketplace.html","","£10","Vegan glass Chopping board","Cirencester, England · over a week ago",""
"file:///Users/paul/Dropbox/workInProgress/facebookmarketplace/webarchives/Cardiff%20Facebook%20Marketplace.html","","£14","Large Morphey Richard's Food Mixer Cover.. wipe clean grey, dandelion pattern. BN Ideal Christmas","Radstock, England · 3 days ago",""
"file:///Users/paul/Dropbox/workInProgress/facebookmarketplace/webarchives/Cardiff%20Facebook%20Marketplace.html","","£16","500cc clear rectangular containers and lids","Bideford, England · over a week ago",""
"file:///Users/paul/Dropbox/workInProgress/facebookmarketplace/webarchives/Cardiff%20Facebook%20Marketplace.html","","£7","‘pussy’ cat air freshener Candle","Chippenham, England · over a week ago",""
"file:///Users/paul/Dropbox/workInProgress/facebookmarketplace/webarchives/Cardiff%20Facebook%20Marketplace.html","","£9","New Baby Doddle Bags 10 pack reusable","Tewkesbury, England · over a week ago",""
"file:///Users/paul/Dropbox/workInProgress/facebookmarketplace/webarchives/Cardiff%20Facebook%20Marketplace.html","","£10","Australia Travel Books","Bristol, England · over a week ago",""
"file:///Users/paul/Dropbox/workInProgress/facebookmarketplace/webarchives/Cardiff%20Facebook%20Marketplace.html","","£20","Large Hamsters in a House collection with six hamsters.","Exeter, England · over a week ago",""
"file:///Users/paul/Dropbox/workInProgress/facebookmarketplace/webarchives/Cardiff%20Facebook%20Marketplace.html","","£5","Darceys by vicki","Great Malvern, England · over a week ago",""
"file:///Users/paul/Dropbox/workInProgress/facebookmarketplace/webarchives/Cardiff%20Facebook%20Marketplace.html","","£18","Toddler Christmas workshop","Swindon, England · over a week ago",""
"file:///Users/paul/Dropbox/workInProgress/facebookmarketplace/webarchives/Cardiff%20Facebook%20Marketplace.html","","£12","Vest cupcakes","Swansea, Wales · over a week ago",""
"file:///Users/paul/Dropbox/workInProgress/facebookmarketplace/webarchives/Cardiff%20Facebook%20Marketplace.html","","£39","Ice cream maker!","Worcester, England · over a week ago",""
"file:///Users/paul/Dropbox/workInProgress/facebookmarketplace/webarchives/Cardiff%20Facebook%20Marketplace.html","","£5","High chair","Blandford Forum, England · over a week ago",""
"file:///Users/paul/Dropbox/workInProgress/facebookmarketplace/webarchives/Cardiff%20Facebook%20Marketplace.html","","£35","Oak chopping board with slate insert","Swansea, Wales · over a week ago",""
"file:///Users/paul/Dropbox/workInProgress/facebookmarketplace/webarchives/Cardiff%20Facebook%20Marketplace.html","","£12","GOLDEN RETRIEVER CUSHION GIFT PACKS","Exeter, England · over a week ago",""
"file:///Users/paul/Dropbox/workInProgress/facebookmarketplace/webarchives/Cardiff%20Facebook%20Marketplace.html","","£20","Steama by sensio home","Cheltenham, England · over a week ago",""
"file:///Users/paul/Dropbox/workInProgress/facebookmarketplace/webarchives/Cardiff%20Facebook%20Marketplace.html","","£15","Build a Bear promise pets dog with accessories","Chard, England · over a week ago",""
"file:///Users/paul/Dropbox/workInProgress/facebookmarketplace/webarchives/Cardiff%20Facebook%20Marketplace.html","","£10","Two Fruit/Nut/Serving/Floating Candle Bowls","Beaminster, England · over a week ago","Results From Outside Your Search"
"file:///Users/paul/Dropbox/workInProgress/facebookmarketplace/webarchives/Cardiff%20Facebook%20Marketplace.html","","£8","Food house","Walsall, England · 4 days ago",""
"file:///Users/paul/Dropbox/workInProgress/facebookmarketplace/webarchives/Cardiff%20Facebook%20Marketplace.html","","£5","Home made hygienic Lahori Food","Birmingham, England · 3 days ago",""
"file:///Users/paul/Dropbox/workInProgress/facebookmarketplace/webarchives/Cardiff%20Facebook%20Marketplace.html","","£1","Home made delicious food","Luton, England · over a week ago",""
"file:///Users/paul/Dropbox/workInProgress/facebookmarketplace/webarchives/Cardiff%20Facebook%20Marketplace.html","","£5","Homemade food on call with 2 roti","Bradford, England · over a week ago",""
"file:///Users/paul/Dropbox/workInProgress/facebookmarketplace/webarchives/Cardiff%20Facebook%20Marketplace.html","","£5","Home made food","Preston, England · over a week ago",""
"file:///Users/paul/Dropbox/workInProgress/facebookmarketplace/webarchives/Cardiff%20Facebook%20Marketplace.html","","£1","Home made food","Luton, England · over a week ago",""
"file:///Users/paul/Dropbox/workInProgress/facebookmarketplace/webarchives/Cardiff%20Facebook%20Marketplace.html","","£10","Freshly home made Arabic & Kurdish food","Bolton, England · over a week ago",""
"file:///Users/paul/Dropbox/workInProgress/facebookmarketplace/webarchives/Cardiff%20Facebook%20Marketplace.html","","£25","fresh homemade biryani with a meat","London, England · over a week ago",""
"file:///Users/paul/Dropbox/workInProgress/facebookmarketplace/webarchives/Cardiff%20Facebook%20Marketplace.html","","£1","Moroccan Msemen","London, England · over a week ago",""
"file:///Users/paul/Dropbox/workInProgress/facebookmarketplace/webarchives/Cardiff%20Facebook%20Marketplace.html","","£6","Home made food","Manchester, England · over a week ago",""
"file:///Users/paul/Dropbox/workInProgress/facebookmarketplace/webarchives/Cardiff%20Facebook%20Marketplace.html","","£5","Home made food","London, England · over a week ago",""
"file:///Users/paul/Dropbox/workInProgress/facebookmarketplace/webarchives/Cardiff%20Facebook%20Marketplace.html","","£1","Pitha/ Asian home made fresh food","London, England · over a week ago",""
"file:///Users/paul/Dropbox/workInProgress/facebookmarketplace/webarchives/Cardiff%20Facebook%20Marketplace.html","","£4","Homemade fresh food","Brierley Hill, England · over a week ago",""
"file:///Users/paul/Dropbox/workInProgress/facebookmarketplace/webarchives/Cardiff%20Facebook%20Marketplace.html","","£4","Home Make Fresh Mix pickles/Achar","Batley, England · 3 days ago",""
"file:///Users/paul/Dropbox/workInProgress/facebookmarketplace/webarchives/Cardiff%20Facebook%20Marketplace.html","","£4","Homemade indian/Pakistani food","High Wycombe, England · 3 days ago",""
"file:///Users/paul/Dropbox/workInProgress/facebookmarketplace/webarchives/Cardiff%20Facebook%20Marketplace.html","","£1","Freshly homemade square paratha","Luton, England · over a week ago",""
"file:///Users/paul/Dropbox/workInProgress/facebookmarketplace/webarchives/Cardiff%20Facebook%20Marketplace.html","","FREE","Homemade Shaami kebabs and Aloo tikki","Isleworth, England · over a week ago",""
"file:///Users/paul/Dropbox/workInProgress/facebookmarketplace/webarchives/Cardiff%20Facebook%20Marketplace.html","","FREE","Homemade Authentic Indian food delivered to your doorstep","Nuneaton, England · over a week ago",""
"file:///Users/paul/Dropbox/workInProgress/facebookmarketplace/webarchives/Cardiff%20Facebook%20Marketplace.html","","£1","Fresh home made gulab jamun east african halal food","Birmingham, England · over a week ago",""
"file:///Users/paul/Dropbox/workInProgress/facebookmarketplace/webarchives/Cardiff%20Facebook%20Marketplace.html","","£4","Homemade biryani with Raita","High Wycombe, England · over a week ago",""
"file:///Users/paul/Dropbox/workInProgress/facebookmarketplace/webarchives/Cardiff%20Facebook%20Marketplace.html","","£4","home cooked food /halal Pakistani indian food/fresh weekly meal","London, England · over a week ago",""
"file:///Users/paul/Dropbox/workInProgress/facebookmarketplace/webarchives/Cardiff%20Facebook%20Marketplace.html","","£5","Homemade food pratha omlate with karak masala tea","Bradford, England · 3 days ago",""
"file:///Users/paul/Dropbox/workInProgress/facebookmarketplace/webarchives/Cardiff%20Facebook%20Marketplace.html","","£16","Samosa and much more - home catering","Birmingham, England · over a week ago",""
"file:///Users/paul/Dropbox/workInProgress/facebookmarketplace/webarchives/Cardiff%20Facebook%20Marketplace.html","","£35","Halal Pakistani/Indian home made food","London, England · over a week ago",""
"file:///Users/paul/Dropbox/workInProgress/facebookmarketplace/webarchives/Cardiff%20Facebook%20Marketplace.html","","£20","Saturday night curri","Luton, England · over a week ago",""
"file:///Users/paul/Dropbox/workInProgress/facebookmarketplace/webarchives/Cardiff%20Facebook%20Marketplace.html","","£5","Homemade food HALWA PURES with etc.breakfast all weak available on your one call.","Bradford, England · over a week ago",""
"file:///Users/paul/Dropbox/workInProgress/facebookmarketplace/webarchives/Cardiff%20Facebook%20Marketplace.html","","£5","Thursday special InshaAllah chicken Dum Biryani order now","Hayes, England · over a week ago",""
"file:///Users/paul/Dropbox/workInProgress/facebookmarketplace/webarchives/Cardiff%20Facebook%20Marketplace.html","","£5","home made Asian food","Manchester, England · over a week ago",""
"file:///Users/paul/Dropbox/workInProgress/facebookmarketplace/webarchives/Cardiff%20Facebook%20Marketplace.html","","FREE","Fresh homemade samosas","Bradford, England · over a week ago",""
"file:///Users/paul/Dropbox/workInProgress/facebookmarketplace/webarchives/Cardiff%20Facebook%20Marketplace.html","","£20","Chicken meat or veg samosas","Birmingham, England · 2 days ago",""
"file:///Users/paul/Dropbox/workInProgress/facebookmarketplace/webarchives/Cardiff%20Facebook%20Marketplace.html","","£4","Fish curry","London, England · over a week ago",""
"file:///Users/paul/Dropbox/workInProgress/facebookmarketplace/webarchives/Cardiff%20Facebook%20Marketplace.html","","£5","Fresh homemade Indian food","London, England · over a week ago",""
"file:///Users/paul/Dropbox/workInProgress/facebookmarketplace/webarchives/Cardiff%20Facebook%20Marketplace.html","","£4","home cooked food/homemade fresh halal food","London, England · over a week ago",""
"file:///Users/paul/Dropbox/workInProgress/facebookmarketplace/webarchives/Cardiff%20Facebook%20Marketplace.html","","£15","Home made delicious food to your door step","London, England · over a week ago",""
"file:///Users/paul/Dropbox/workInProgress/facebookmarketplace/webarchives/Cardiff%20Facebook%20Marketplace.html","","£5","Meat ball curry","Luton, England · over a week ago",""
"file:///Users/paul/Dropbox/workInProgress/facebookmarketplace/webarchives/Cardiff%20Facebook%20Marketplace.html","","£8","Desi home made food","London, England · over a week ago",""
"file:///Users/paul/Dropbox/workInProgress/facebookmarketplace/webarchives/Cardiff%20Facebook%20Marketplace.html","","FREE","Homemade halal Food","Aylesbury, England · 3 days ago",""
"file:///Users/paul/Dropbox/workInProgress/facebookmarketplace/webarchives/Cardiff%20Facebook%20Marketplace.html","","£10","Homemade food for your gathering","Bradford, England · over a week ago",""
"file:///Users/paul/Dropbox/workInProgress/facebookmarketplace/webarchives/Cardiff%20Facebook%20Marketplace.html","","£7","Home made Mutton uppu curry","Slough, England · about a day ago",""
"file:///Users/paul/Dropbox/workInProgress/facebookmarketplace/webarchives/Cardiff%20Facebook%20Marketplace.html","","£5","Fresh home made Curry","Beaconsfield, England · 18 hours ago",""
"file:///Users/paul/Dropbox/workInProgress/facebookmarketplace/webarchives/Cardiff%20Facebook%20Marketplace.html","","£6","Homemade food on your demand","Bradford, England · over a week ago",""
"file:///Users/paul/Dropbox/workInProgress/facebookmarketplace/webarchives/Cardiff%20Facebook%20Marketplace.html","","£1","Msemmen","London, England · over a week ago",""
"file:///Users/paul/Dropbox/workInProgress/facebookmarketplace/webarchives/Cardiff%20Facebook%20Marketplace.html","","£4","Homemade halal food","London, England · about a day ago",""
"file:///Users/paul/Dropbox/workInProgress/facebookmarketplace/webarchives/Cardiff%20Facebook%20Marketplace.html","","£4","Kheer sweet dish, Rice Pudding!","Manchester, England · over a week ago",""
"file:///Users/paul/Dropbox/workInProgress/facebookmarketplace/webarchives/Cardiff%20Facebook%20Marketplace.html","","£5","Home made food","Bradford, England · 16 hours ago",""
"file:///Users/paul/Dropbox/workInProgress/facebookmarketplace/webarchives/Cardiff%20Facebook%20Marketplace.html","","£7","Home made Mutton curry","Birmingham, England · over a week ago",""
"file:///Users/paul/Dropbox/workInProgress/facebookmarketplace/webarchives/Cardiff%20Facebook%20Marketplace.html","","£7","Homemade food aloo lamb gosht with 2 roti","Bradford, England · 3 days ago",""
"file:///Users/paul/Dropbox/workInProgress/facebookmarketplace/webarchives/Cardiff%20Facebook%20Marketplace.html","","£4","Moroccan food","Stoke-on-Trent, England · over a week ago",""
"file:///Users/paul/Dropbox/workInProgress/facebookmarketplace/webarchives/Cardiff%20Facebook%20Marketplace.html","","£5","Iranian food","Ilford, England · over a week ago",""
"file:///Users/paul/Dropbox/workInProgress/facebookmarketplace/webarchives/Cardiff%20Facebook%20Marketplace.html","","£6","Home made Lamb Kofta And Sweet Dish Kheer...","Slough, England · 19 hours ago",""
"file:///Users/paul/Dropbox/workInProgress/facebookmarketplace/webarchives/Cardiff%20Facebook%20Marketplace.html","","FREE","Fresh Homemade Food","Derby, England · over a week ago",""
"file:///Users/paul/Dropbox/workInProgress/facebookmarketplace/webarchives/Cardiff%20Facebook%20Marketplace.html","","£12","Homemade","London, England · over a week ago",""
"file:///Users/paul/Dropbox/workInProgress/facebookmarketplace/webarchives/Cardiff%20Facebook%20Marketplace.html","","£1","Home made fresh chapati","Leicester, England · over a week ago",""
"file:///Users/paul/Dropbox/workInProgress/facebookmarketplace/webarchives/Cardiff%20Facebook%20Marketplace.html","","£8","Bags of 20/50 Home Made Delicious Somosas","Belfast, Northern Ireland · over a week ago",""
"file:///Users/paul/Dropbox/workInProgress/facebookmarketplace/webarchives/Cardiff%20Facebook%20Marketplace.html","","£5","Freshly cooked Home made indian curry","Leicester, England · 20 hours ago",""
"file:///Users/paul/Dropbox/workInProgress/facebookmarketplace/webarchives/Cardiff%20Facebook%20Marketplace.html","","£3","Mouth watering fresh homemade food","Romford, England · over a week ago",""
"file:///Users/paul/Dropbox/workInProgress/facebookmarketplace/webarchives/Cardiff%20Facebook%20Marketplace.html","","£7","Homemade food halal Rice platter on cheap price","Bradford, England · over a week ago",""
"file:///Users/paul/Dropbox/workInProgress/facebookmarketplace/webarchives/Cardiff%20Facebook%20Marketplace.html","","£20","Home Made Food- Collection or Delivery","Wakefield, England · 6 days ago",""
"file:///Users/paul/Dropbox/workInProgress/facebookmarketplace/webarchives/Cardiff%20Facebook%20Marketplace.html","","£6","Mejbani beef curry with plain polaw/rice","London, England · 19 hours ago",""
"file:///Users/paul/Dropbox/workInProgress/facebookmarketplace/webarchives/Cardiff%20Facebook%20Marketplace.html","","£60","Homemade food","Bradford, England · over a week ago",""
"file:///Users/paul/Dropbox/workInProgress/facebookmarketplace/webarchives/Cardiff%20Facebook%20Marketplace.html","","£6","Daily fresh halal homemade food Friday mutton paya inshallah","Bradford, England · over a week ago",""
"file:///Users/paul/Dropbox/workInProgress/facebookmarketplace/webarchives/Cardiff%20Facebook%20Marketplace.html","","£5","Curry","Luton, England · over a week ago",""
"file:///Users/paul/Dropbox/workInProgress/facebookmarketplace/webarchives/Cardiff%20Facebook%20Marketplace.html","","FREE","Fresh chapli kababs","Nelson, England · over a week ago",""
"file:///Users/paul/Dropbox/workInProgress/facebookmarketplace/webarchives/Cardiff%20Facebook%20Marketplace.html","","£1","Freshly made food","Stoke-on-Trent, England · over a week ago",""
