"Source Url","Price","Id","Img","Title","Location","Location 2","Location 3","Location 4"
"file:///Users/paul/Dropbox/workInProgress/facebookmarketplace/webarchives/Newcastle%20Home%20made%20food%20-%20Facebook%20Search.html","£5","https://www.facebook.com/marketplace/search/?callsite=commerce_mktplace_www_hoisted_pdp&hoisted_item=833620257058689&query=Home+made+food&ref=global_search_marketplace_pill_tab","75619057_2889593277737980_5709987028066631680_n.jpg"" alt=""75619057_2889593277737980_5709987028066631680_n.jpg","Home made food","2 hours ago · BD8 9HU","","",""
"file:///Users/paul/Dropbox/workInProgress/facebookmarketplace/webarchives/Newcastle%20Home%20made%20food%20-%20Facebook%20Search.html","£20","https://www.facebook.com/marketplace/search/?callsite=commerce_mktplace_www_hoisted_pdp&hoisted_item=563543364439784&query=Home+made+food&ref=global_search_marketplace_pill_tab","75429424_185076865995194_660177593412091904_n.jpg"" alt=""75429424_185076865995194_660177593412091904_n.jpg","Home food","16 hours ago · HD4 6","","",""
"file:///Users/paul/Dropbox/workInProgress/facebookmarketplace/webarchives/Newcastle%20Home%20made%20food%20-%20Facebook%20Search.html","£10","https://www.facebook.com/marketplace/search/?callsite=commerce_mktplace_www_hoisted_pdp&hoisted_item=2753657818250658&query=Home+made+food&ref=global_search_marketplace_pill_tab","75636096_168285844241515_4119898338751414272_n.jpg"" alt=""75636096_168285844241515_4119898338751414272_n.jpg","Freshly home made Arabic & Kurdish food","last Wednesday · BL1 1","","",""
"file:///Users/paul/Dropbox/workInProgress/facebookmarketplace/webarchives/Newcastle%20Home%20made%20food%20-%20Facebook%20Search.html","FREE","https://www.facebook.com/marketplace/search/?callsite=commerce_mktplace_www_hoisted_pdp&hoisted_item=1333940666759364&query=Home+made+food&ref=global_search_marketplace_pill_tab","67597986_1559908794146331_6965717130478092288_n.jpg"" alt=""67597986_1559908794146331_6965717130478092288_n.jpg","Home made samosas","over a week ago · HX1 5","","",""
"file:///Users/paul/Dropbox/workInProgress/facebookmarketplace/webarchives/Newcastle%20Home%20made%20food%20-%20Facebook%20Search.html","£12","https://www.facebook.com/marketplace/search/?callsite=commerce_mktplace_www_hoisted_pdp&hoisted_item=2159673081001053&query=Home+made+food&ref=global_search_marketplace_pill_tab","70294190_10157332136640482_3040929178774929408_n.jpg"" alt=""70294190_10157332136640482_3040929178774929408_n.jpg","Homemade Somasa","over a week ago · LS17 8","","",""
"file:///Users/paul/Dropbox/workInProgress/facebookmarketplace/webarchives/Newcastle%20Home%20made%20food%20-%20Facebook%20Search.html","£6","https://www.facebook.com/marketplace/search/?callsite=commerce_mktplace_www_hoisted_pdp&hoisted_item=3078586332215003&query=Home+made+food&ref=global_search_marketplace_pill_tab","72052242_2404661469641599_1995112544938754048_o.jpg"" alt=""72052242_2404661469641599_1995112544938754048_o.jpg","Homemade food on your demand","over a week ago · BD9 4","","",""
"file:///Users/paul/Dropbox/workInProgress/facebookmarketplace/webarchives/Newcastle%20Home%20made%20food%20-%20Facebook%20Search.html","£25","https://www.facebook.com/marketplace/search/?callsite=commerce_mktplace_www_hoisted_pdp&hoisted_item=2524543097635307&query=Home+made+food&ref=global_search_marketplace_pill_tab","74915560_10219163719991265_2395810870279012352_o.jpg"" alt=""74915560_10219163719991265_2395810870279012352_o.jpg","100x Home made pastry samsosa","15 hours ago · Dewsbury","","",""
"file:///Users/paul/Dropbox/workInProgress/facebookmarketplace/webarchives/Newcastle%20Home%20made%20food%20-%20Facebook%20Search.html","£6","https://www.facebook.com/marketplace/search/?callsite=commerce_mktplace_www_hoisted_pdp&hoisted_item=451702392061368&query=Home+made+food&ref=global_search_marketplace_pill_tab","66006105_203054650680072_4443125087683477504_n.jpg"" alt=""66006105_203054650680072_4443125087683477504_n.jpg","Home made food","over a week ago · M2 5","","",""
"file:///Users/paul/Dropbox/workInProgress/facebookmarketplace/webarchives/Newcastle%20Home%20made%20food%20-%20Facebook%20Search.html","£9","https://www.facebook.com/marketplace/search/?callsite=commerce_mktplace_www_hoisted_pdp&hoisted_item=2492644560993487&query=Home+made+food&ref=global_search_marketplace_pill_tab","73094349_2449466178440747_896528552789278720_o.jpg"" alt=""73094349_2449466178440747_896528552789278720_o.jpg","Honeycomb with honey","over a week ago · OL11 1","","",""
"file:///Users/paul/Dropbox/workInProgress/facebookmarketplace/webarchives/Newcastle%20Home%20made%20food%20-%20Facebook%20Search.html","£5","https://www.facebook.com/marketplace/search/?callsite=commerce_mktplace_www_hoisted_pdp&hoisted_item=359581688261959&query=Home+made+food&ref=global_search_marketplace_pill_tab","70557921_406982336538709_2555400219931967488_n.jpg"" alt=""70557921_406982336538709_2555400219931967488_n.jpg","home made Asian food","over a week ago · M12 5","","",""
"file:///Users/paul/Dropbox/workInProgress/facebookmarketplace/webarchives/Newcastle%20Home%20made%20food%20-%20Facebook%20Search.html","£20","https://www.facebook.com/marketplace/search/?callsite=commerce_mktplace_www_hoisted_pdp&hoisted_item=2421557897939718&query=Home+made+food&ref=global_search_marketplace_pill_tab","72660061_10157480957679333_8391555103479300096_n.jpg"" alt=""72660061_10157480957679333_8391555103479300096_n.jpg","Home Made Food","over a week ago · WF1 1PJ","","",""
"file:///Users/paul/Dropbox/workInProgress/facebookmarketplace/webarchives/Newcastle%20Home%20made%20food%20-%20Facebook%20Search.html","£5","https://www.facebook.com/marketplace/search/?callsite=commerce_mktplace_www_hoisted_pdp&hoisted_item=504579190119569&query=Home+made+food&ref=global_search_marketplace_pill_tab","70780055_1293003814200327_3926876937896591360_n.jpg"" alt=""70780055_1293003814200327_3926876937896591360_n.jpg","House moving or keeping tidy. All 40 made up boxes for £5 only. £5. Collect at CH1 Collect at Zing A","over a week ago · Chester, Cheshire","","",""
"file:///Users/paul/Dropbox/workInProgress/facebookmarketplace/webarchives/Newcastle%20Home%20made%20food%20-%20Facebook%20Search.html","FREE","https://www.facebook.com/marketplace/search/?callsite=commerce_mktplace_www_hoisted_pdp&hoisted_item=373115783623368&query=Home+made+food&ref=global_search_marketplace_pill_tab","69262369_2483816018518990_8575702638044119040_o.jpg"" alt=""69262369_2483816018518990_8575702638044119040_o.jpg","Home made delicious food's","over a week ago · OL1 3","","",""
"file:///Users/paul/Dropbox/workInProgress/facebookmarketplace/webarchives/Newcastle%20Home%20made%20food%20-%20Facebook%20Search.html","FREE","https://www.facebook.com/marketplace/search/?callsite=commerce_mktplace_www_hoisted_pdp&hoisted_item=2314559415287924&query=Home+made+food&ref=global_search_marketplace_pill_tab","65497680_2033894686716375_818261874855378944_o.jpg"" alt=""65497680_2033894686716375_818261874855378944_o.jpg","Fresha samosas and kababs","over a week ago · BB9 7DG","","",""
"file:///Users/paul/Dropbox/workInProgress/facebookmarketplace/webarchives/Newcastle%20Home%20made%20food%20-%20Facebook%20Search.html","£5","https://www.facebook.com/marketplace/search/?callsite=commerce_mktplace_www_hoisted_pdp&hoisted_item=1098862636968544&query=Home+made+food&ref=global_search_marketplace_pill_tab","66644080_875826252797943_7347043061664317440_n.jpg"" alt=""66644080_875826252797943_7347043061664317440_n.jpg","Fresh home made food","over a week ago · HX3 9","","",""
"file:///Users/paul/Dropbox/workInProgress/facebookmarketplace/webarchives/Newcastle%20Home%20made%20food%20-%20Facebook%20Search.html","FREE","https://www.facebook.com/marketplace/search/?callsite=commerce_mktplace_www_hoisted_pdp&hoisted_item=1203660929814306&query=Home+made+food&ref=global_search_marketplace_pill_tab","66476969_127085858520794_1472778100075921408_n.jpg"" alt=""66476969_127085858520794_1472778100075921408_n.jpg","Food","over a week ago · St. Mary's, Oldham","","",""
"file:///Users/paul/Dropbox/workInProgress/facebookmarketplace/webarchives/Newcastle%20Home%20made%20food%20-%20Facebook%20Search.html","£1","https://www.facebook.com/marketplace/search/?callsite=commerce_mktplace_www_hoisted_pdp&hoisted_item=2402408683210925&query=Home+made+food&ref=global_search_marketplace_pill_tab","71669669_202312034118274_7697784058289324032_n.jpg"" alt=""71669669_202312034118274_7697784058289324032_n.jpg","Asian spice","over a week ago · OL7 0","","",""
"file:///Users/paul/Dropbox/workInProgress/facebookmarketplace/webarchives/Newcastle%20Home%20made%20food%20-%20Facebook%20Search.html","£15","https://www.facebook.com/marketplace/search/?callsite=commerce_mktplace_www_hoisted_pdp&hoisted_item=2542142222673280&query=Home+made+food&ref=global_search_marketplace_pill_tab","75063858_976374906063587_5259269625266307072_n.jpg"" alt=""75063858_976374906063587_5259269625266307072_n.jpg","asain mirpuri home made food","over a week ago · HX2 0QP","","",""
"file:///Users/paul/Dropbox/workInProgress/facebookmarketplace/webarchives/Newcastle%20Home%20made%20food%20-%20Facebook%20Search.html","£1","https://www.facebook.com/marketplace/search/?callsite=commerce_mktplace_www_hoisted_pdp&hoisted_item=464019961023161&query=Home+made+food&ref=global_search_marketplace_pill_tab","62578443_2934895476551138_5475721593139232768_n.jpg"" alt=""62578443_2934895476551138_5475721593139232768_n.jpg","Samosa & Roles freshly home made","over a week ago · WF2 9QX","","",""
"file:///Users/paul/Dropbox/workInProgress/facebookmarketplace/webarchives/Newcastle%20Home%20made%20food%20-%20Facebook%20Search.html","£5","https://www.facebook.com/marketplace/search/?callsite=commerce_mktplace_www_hoisted_pdp&hoisted_item=786167685170319&query=Home+made+food&ref=global_search_marketplace_pill_tab","74427566_1472577406230144_2224410081389182976_n.jpg"" alt=""74427566_1472577406230144_2224410081389182976_n.jpg","Home made food","last Wednesday · PR3 5","","",""
"file:///Users/paul/Dropbox/workInProgress/facebookmarketplace/webarchives/Newcastle%20Home%20made%20food%20-%20Facebook%20Search.html","£5","https://www.facebook.com/marketplace/search/?callsite=commerce_mktplace_www_hoisted_pdp&hoisted_item=556088535160182&query=Home+made+food&ref=global_search_marketplace_pill_tab","71951527_2143180972644889_8125290487159455744_n.jpg"" alt=""71951527_2143180972644889_8125290487159455744_n.jpg","Homemade fresh savouries","over a week ago · BB1 1","","",""
"file:///Users/paul/Dropbox/workInProgress/facebookmarketplace/webarchives/Newcastle%20Home%20made%20food%20-%20Facebook%20Search.html","£4","https://www.facebook.com/marketplace/search/?callsite=commerce_mktplace_www_hoisted_pdp&hoisted_item=756462091494091&query=Home+made+food&ref=global_search_marketplace_pill_tab","72458201_577487352994820_7831743293682614272_n.jpg"" alt=""72458201_577487352994820_7831743293682614272_n.jpg","Moroccan food","over a week ago · Berryhill and Hanley East, Stoke-on-Trent","","",""
"file:///Users/paul/Dropbox/workInProgress/facebookmarketplace/webarchives/Newcastle%20Home%20made%20food%20-%20Facebook%20Search.html","£10","https://www.facebook.com/marketplace/search/?callsite=commerce_mktplace_www_hoisted_pdp&hoisted_item=584581462315581&query=Home+made+food&ref=global_search_marketplace_pill_tab","77065340_435247827392630_4009509269698248704_n.jpg"" alt=""77065340_435247827392630_4009509269698248704_n.jpg","Home made panjeeri","on Monday · M19 3","","",""
"file:///Users/paul/Dropbox/workInProgress/facebookmarketplace/webarchives/Newcastle%20Home%20made%20food%20-%20Facebook%20Search.html","£4","https://www.facebook.com/marketplace/search/?callsite=commerce_mktplace_www_hoisted_pdp&hoisted_item=503372153580380&query=Home+made+food&ref=global_search_marketplace_pill_tab","74567412_242905170009446_141221286356451328_n.jpg"" alt=""74567412_242905170009446_141221286356451328_n.jpg","Karachi food","over a week ago · Nottingham","","",""
"file:///Users/paul/Dropbox/workInProgress/facebookmarketplace/webarchives/Newcastle%20Home%20made%20food%20-%20Facebook%20Search.html","£10","https://www.facebook.com/marketplace/search/?callsite=commerce_mktplace_www_hoisted_pdp&hoisted_item=938577966499938&query=Home+made+food&ref=global_search_marketplace_pill_tab","75464170_1332873476883969_3169122210119942144_o.jpg"" alt=""75464170_1332873476883969_3169122210119942144_o.jpg","Halal homemade pies","over a week ago · Burnley, Lancashire","","",""
"file:///Users/paul/Dropbox/workInProgress/facebookmarketplace/webarchives/Newcastle%20Home%20made%20food%20-%20Facebook%20Search.html","£14","https://www.facebook.com/marketplace/search/?callsite=commerce_mktplace_www_hoisted_pdp&hoisted_item=1106541766198258&query=Home+made+food&ref=global_search_marketplace_pill_tab","72389171_991752061157803_6172762714759233536_n.jpg"" alt=""72389171_991752061157803_6172762714759233536_n.jpg","100% Halal Chinese cuisine freshly Home made","11 hours ago · Burnage","","",""
"file:///Users/paul/Dropbox/workInProgress/facebookmarketplace/webarchives/Newcastle%20Home%20made%20food%20-%20Facebook%20Search.html","£5","https://www.facebook.com/marketplace/search/?callsite=commerce_mktplace_www_hoisted_pdp&hoisted_item=763216930801960&query=Home+made+food&ref=global_search_marketplace_pill_tab","73292702_3018813501479881_385146128502358016_n.jpg"" alt=""73292702_3018813501479881_385146128502358016_n.jpg","Masters kitchen","last Thursday · HX3 8","","",""
"file:///Users/paul/Dropbox/workInProgress/facebookmarketplace/webarchives/Newcastle%20Home%20made%20food%20-%20Facebook%20Search.html","£6","https://www.facebook.com/marketplace/search/?callsite=commerce_mktplace_www_hoisted_pdp&hoisted_item=391325914812139&query=Home+made+food&ref=global_search_marketplace_pill_tab","65048005_146260756554658_8175766171182694400_n.jpg"" alt=""65048005_146260756554658_8175766171182694400_n.jpg","Freshly Home made (Meenos Chicken n Veg Pasta) Order now.","over a week ago · M8 4QS","","",""
"file:///Users/paul/Dropbox/workInProgress/facebookmarketplace/webarchives/Newcastle%20Home%20made%20food%20-%20Facebook%20Search.html","£6","https://www.facebook.com/marketplace/search/?callsite=commerce_mktplace_www_hoisted_pdp&hoisted_item=2967838260202543&query=Home+made+food&ref=global_search_marketplace_pill_tab","69900699_409075310003186_899086751274893312_n.jpg"" alt=""69900699_409075310003186_899086751274893312_n.jpg","Home made scrumptious pakwan or kajoor","over a week ago · OL8 1AD","","",""
"file:///Users/paul/Dropbox/workInProgress/facebookmarketplace/webarchives/Newcastle%20Home%20made%20food%20-%20Facebook%20Search.html","FREE","https://www.facebook.com/marketplace/search/?callsite=commerce_mktplace_www_hoisted_pdp&hoisted_item=2316940758390565&query=Home+made+food&ref=global_search_marketplace_pill_tab","62445754_322404175375116_4440698770463653888_o.jpg"" alt=""62445754_322404175375116_4440698770463653888_o.jpg","Samosa home made fresh and kababs","over a week ago · BB1 5SF","","",""
"file:///Users/paul/Dropbox/workInProgress/facebookmarketplace/webarchives/Newcastle%20Home%20made%20food%20-%20Facebook%20Search.html","£1","https://www.facebook.com/marketplace/search/?callsite=commerce_mktplace_www_hoisted_pdp&hoisted_item=2303825566612195&query=Home+made+food&ref=global_search_marketplace_pill_tab","64817755_144984293282496_8220506703771205632_n.jpg"" alt=""64817755_144984293282496_8220506703771205632_n.jpg","Fresh homemade south indian food (idli,dosa,wada,poori,lemon rice...)","over a week ago · M40 8","","",""
"file:///Users/paul/Dropbox/workInProgress/facebookmarketplace/webarchives/Newcastle%20Home%20made%20food%20-%20Facebook%20Search.html","£1","https://www.facebook.com/marketplace/search/?callsite=commerce_mktplace_www_hoisted_pdp&hoisted_item=509442339663229&query=Home+made+food&ref=global_search_marketplace_pill_tab","74329484_172200713842821_2701044996185784320_n.jpg"" alt=""74329484_172200713842821_2701044996185784320_n.jpg","Freshly Home made very tasty samosa","over a week ago · OL10 4","","",""
"file:///Users/paul/Dropbox/workInProgress/facebookmarketplace/webarchives/Newcastle%20Home%20made%20food%20-%20Facebook%20Search.html","£7","https://www.facebook.com/marketplace/search/?callsite=commerce_mktplace_www_hoisted_pdp&hoisted_item=374977883425471&query=Home+made+food&ref=global_search_marketplace_pill_tab","70007549_10206625290267766_5761050001622958080_n.jpg"" alt=""70007549_10206625290267766_5761050001622958080_n.jpg","Chocolate brownies and blondies","over a week ago · ST4 4","","",""
"file:///Users/paul/Dropbox/workInProgress/facebookmarketplace/webarchives/Newcastle%20Home%20made%20food%20-%20Facebook%20Search.html","£15","https://www.facebook.com/marketplace/search/?callsite=commerce_mktplace_www_hoisted_pdp&hoisted_item=389935741700271&query=Home+made+food&ref=global_search_marketplace_pill_tab","72642985_2505236332889497_50385356566036480_n.jpg"" alt=""72642985_2505236332889497_50385356566036480_n.jpg","Home made Bawlawa","over a week ago · BD7 2","","",""
"file:///Users/paul/Dropbox/workInProgress/facebookmarketplace/webarchives/Newcastle%20Home%20made%20food%20-%20Facebook%20Search.html","£5","https://www.facebook.com/marketplace/search/?callsite=commerce_mktplace_www_hoisted_pdp&hoisted_item=1540075782790111&query=Home+made+food&ref=global_search_marketplace_pill_tab","65421033_151847552649285_8718858588124086272_n.jpg"" alt=""65421033_151847552649285_8718858588124086272_n.jpg","Home made Lasagne","over a week ago · OL8 1","","",""
"file:///Users/paul/Dropbox/workInProgress/facebookmarketplace/webarchives/Newcastle%20Home%20made%20food%20-%20Facebook%20Search.html","FREE","https://www.facebook.com/marketplace/search/?callsite=commerce_mktplace_www_hoisted_pdp&hoisted_item=518450378971996&query=Home+made+food&ref=global_search_marketplace_pill_tab","70330029_361183454760446_8882985832718270464_n.jpg"" alt=""70330029_361183454760446_8882985832718270464_n.jpg","Home made food pakage","over a week ago · BB9 0","","",""
"file:///Users/paul/Dropbox/workInProgress/facebookmarketplace/webarchives/Newcastle%20Home%20made%20food%20-%20Facebook%20Search.html","£5","https://www.facebook.com/marketplace/search/?callsite=commerce_mktplace_www_hoisted_pdp&hoisted_item=447669519413428&query=Home+made+food&ref=global_search_marketplace_pill_tab","68893897_1812423382237079_6363749804354306048_o.jpg"" alt=""68893897_1812423382237079_6363749804354306048_o.jpg","Asian Cooking Service","over a week ago · Bolton","","",""
"file:///Users/paul/Dropbox/workInProgress/facebookmarketplace/webarchives/Newcastle%20Home%20made%20food%20-%20Facebook%20Search.html","£7","https://www.facebook.com/marketplace/search/?callsite=commerce_mktplace_www_hoisted_pdp&hoisted_item=1897921926975096&query=Home+made+food&ref=global_search_marketplace_pill_tab","64713509_10158433214393776_1662632022679486464_o.jpg"" alt=""64713509_10158433214393776_1662632022679486464_o.jpg","Chicken samosas.","over a week ago · M11 2","","",""
"file:///Users/paul/Dropbox/workInProgress/facebookmarketplace/webarchives/Newcastle%20Home%20made%20food%20-%20Facebook%20Search.html","£10","https://www.facebook.com/marketplace/search/?callsite=commerce_mktplace_www_hoisted_pdp&hoisted_item=384216882244073&query=Home+made+food&ref=global_search_marketplace_pill_tab","71475875_2579004315454379_4764469704637022208_n.jpg"" alt=""71475875_2579004315454379_4764469704637022208_n.jpg","home made fresh food","over a week ago · BL2 6","","",""
"file:///Users/paul/Dropbox/workInProgress/facebookmarketplace/webarchives/Newcastle%20Home%20made%20food%20-%20Facebook%20Search.html","£4","https://www.facebook.com/marketplace/search/?callsite=commerce_mktplace_www_hoisted_pdp&hoisted_item=2519224841444004&query=Home+made+food&ref=global_search_marketplace_pill_tab","61391084_2722552564426125_3106950015889702912_n.jpg"" alt=""61391084_2722552564426125_3106950015889702912_n.jpg","Kheer sweet dish, Rice Pudding!","over a week ago · M45 7NJ","","",""
"file:///Users/paul/Dropbox/workInProgress/facebookmarketplace/webarchives/Newcastle%20Home%20made%20food%20-%20Facebook%20Search.html","£2","https://www.facebook.com/marketplace/search/?callsite=commerce_mktplace_www_hoisted_pdp&hoisted_item=496519334265912&query=Home+made+food&ref=global_search_marketplace_pill_tab","71696581_2402312966543116_8666277073045684224_o.jpg"" alt=""71696581_2402312966543116_8666277073045684224_o.jpg","Home made paratha","over a week ago · BD9 4","","",""
"file:///Users/paul/Dropbox/workInProgress/facebookmarketplace/webarchives/Newcastle%20Home%20made%20food%20-%20Facebook%20Search.html","£5","https://www.facebook.com/marketplace/search/?callsite=commerce_mktplace_www_hoisted_pdp&hoisted_item=265977507633851&query=Home+made+food&ref=global_search_marketplace_pill_tab","76775177_2455016464606099_4337097102652866560_o.jpg"" alt=""76775177_2455016464606099_4337097102652866560_o.jpg","Homemade food HALWA PURES with etc.breakfast all weak available on your one call.","over a week ago · BD8 7DF","","",""
"file:///Users/paul/Dropbox/workInProgress/facebookmarketplace/webarchives/Newcastle%20Home%20made%20food%20-%20Facebook%20Search.html","FREE","https://www.facebook.com/marketplace/search/?callsite=commerce_mktplace_www_hoisted_pdp&hoisted_item=1464580310349931&query=Home+made+food&ref=global_search_marketplace_pill_tab","70287319_2163270820445427_809795648206405632_n.jpg"" alt=""70287319_2163270820445427_809795648206405632_n.jpg","Fresh chapli kababs","over a week ago · BB9 0DR","","",""
"file:///Users/paul/Dropbox/workInProgress/facebookmarketplace/webarchives/Newcastle%20Home%20made%20food%20-%20Facebook%20Search.html","£20","https://www.facebook.com/marketplace/search/?callsite=commerce_mktplace_www_hoisted_pdp&hoisted_item=2412319932149897&query=Home+made+food&ref=global_search_marketplace_pill_tab","72783412_2435885766519169_776038931836698624_o.jpg"" alt=""72783412_2435885766519169_776038931836698624_o.jpg","Halal Homemade food on your call","over a week ago · BD8 7PY","","",""
"file:///Users/paul/Dropbox/workInProgress/facebookmarketplace/webarchives/Newcastle%20Home%20made%20food%20-%20Facebook%20Search.html","FREE","https://www.facebook.com/marketplace/search/?callsite=commerce_mktplace_www_hoisted_pdp&hoisted_item=333102470914987&query=Home+made+food&ref=global_search_marketplace_pill_tab","65475696_2440331909534068_1041925174422667264_n.jpg"" alt=""65475696_2440331909534068_1041925174422667264_n.jpg","Home made food","over a week ago · OL1 3","","",""
"file:///Users/paul/Dropbox/workInProgress/facebookmarketplace/webarchives/Newcastle%20Home%20made%20food%20-%20Facebook%20Search.html","£9","https://www.facebook.com/marketplace/search/?callsite=commerce_mktplace_www_hoisted_pdp&hoisted_item=446154756247425&query=Home+made+food&ref=global_search_marketplace_pill_tab","70400545_167162897797777_6076106296828887040_n.jpg"" alt=""70400545_167162897797777_6076106296828887040_n.jpg","18 Freshly Home Made (Meenos)Chicken Shami Kebabs Available In Crumpsall Today.","over a week ago · M8 5SP","","",""
"file:///Users/paul/Dropbox/workInProgress/facebookmarketplace/webarchives/Newcastle%20Home%20made%20food%20-%20Facebook%20Search.html","£5","https://www.facebook.com/marketplace/search/?callsite=commerce_mktplace_www_hoisted_pdp&hoisted_item=599378967236682&query=Home+made+food&ref=global_search_marketplace_pill_tab","62167895_139412900572777_2598160424704671744_n.jpg"" alt=""62167895_139412900572777_2598160424704671744_n.jpg","sujji halwa made with butter/brown sugar","over a week ago · M8 5SP","","",""
"file:///Users/paul/Dropbox/workInProgress/facebookmarketplace/webarchives/Newcastle%20Home%20made%20food%20-%20Facebook%20Search.html","FREE","https://www.facebook.com/marketplace/search/?callsite=commerce_mktplace_www_hoisted_pdp&hoisted_item=363296337713439&query=Home+made+food&ref=global_search_marketplace_pill_tab","67329441_2065781603527683_352217460352483328_n.jpg"" alt=""67329441_2065781603527683_352217460352483328_n.jpg","Home made delicious kababs","over a week ago · BB9 0DR","","",""
"file:///Users/paul/Dropbox/workInProgress/facebookmarketplace/webarchives/Newcastle%20Home%20made%20food%20-%20Facebook%20Search.html","£4","https://www.facebook.com/marketplace/search/?callsite=commerce_mktplace_www_hoisted_pdp&hoisted_item=664999127259871&query=Home+made+food&ref=global_search_marketplace_pill_tab","65272252_145139283266997_5037096636401057792_n.jpg"" alt=""65272252_145139283266997_5037096636401057792_n.jpg","Hyderabadi dumm biryani(chicken)","over a week ago · M40 8","","",""
"file:///Users/paul/Dropbox/workInProgress/facebookmarketplace/webarchives/Newcastle%20Home%20made%20food%20-%20Facebook%20Search.html","£15","https://www.facebook.com/marketplace/search/?callsite=commerce_mktplace_www_hoisted_pdp&hoisted_item=513030029482266&query=Home+made+food&ref=global_search_marketplace_pill_tab","72246444_986768354989507_5242145698031337472_n.jpg"" alt=""72246444_986768354989507_5242145698031337472_n.jpg","100% Halal Home made Chinese food","over a week ago · Burnage","","",""
"file:///Users/paul/Dropbox/workInProgress/facebookmarketplace/webarchives/Newcastle%20Home%20made%20food%20-%20Facebook%20Search.html","£1","https://www.facebook.com/marketplace/search/?callsite=commerce_mktplace_www_hoisted_pdp&hoisted_item=448917332644969&query=Home+made+food&ref=global_search_marketplace_pill_tab","72526950_166585747737651_215993703452377088_n.jpg"" alt=""72526950_166585747737651_215993703452377088_n.jpg","Tasty Fresh Home made samosa","over a week ago · OL10 4","","",""
"file:///Users/paul/Dropbox/workInProgress/facebookmarketplace/webarchives/Newcastle%20Home%20made%20food%20-%20Facebook%20Search.html","FREE","https://www.facebook.com/marketplace/search/?callsite=commerce_mktplace_www_hoisted_pdp&hoisted_item=574648559727827&query=Home+made+food&ref=global_search_marketplace_pill_tab","65296248_2440319712868621_931357271521230848_n.jpg"" alt=""65296248_2440319712868621_931357271521230848_n.jpg","Home made foods","over a week ago · OL1 3","","",""
"file:///Users/paul/Dropbox/workInProgress/facebookmarketplace/webarchives/Newcastle%20Home%20made%20food%20-%20Facebook%20Search.html","£15","https://www.facebook.com/marketplace/search/?callsite=commerce_mktplace_www_hoisted_pdp&hoisted_item=545159726310714&query=Home+made+food&ref=global_search_marketplace_pill_tab","69926376_928345244199887_5029218158846672896_n.jpg"" alt=""69926376_928345244199887_5029218158846672896_n.jpg","asian mirpuri home made food","over a week ago · HX2 0JD","","",""
"file:///Users/paul/Dropbox/workInProgress/facebookmarketplace/webarchives/Newcastle%20Home%20made%20food%20-%20Facebook%20Search.html","£20","https://www.facebook.com/marketplace/search/?callsite=commerce_mktplace_www_hoisted_pdp&hoisted_item=428223977808176&query=Home+made+food&ref=global_search_marketplace_pill_tab","70880960_166416621205738_1236039734648635392_n.jpg"" alt=""70880960_166416621205738_1236039734648635392_n.jpg","50 Freshly Home Made Pastry (Meenos Triangle Shape Veg Samosas) Available In Crumpsall Today.","over a week ago · M8 4QS","","",""
"file:///Users/paul/Dropbox/workInProgress/facebookmarketplace/webarchives/Newcastle%20Home%20made%20food%20-%20Facebook%20Search.html","£1","https://www.facebook.com/marketplace/search/?callsite=commerce_mktplace_www_hoisted_pdp&hoisted_item=1208389566037708&query=Home+made+food&ref=global_search_marketplace_pill_tab","75328707_414363559474361_421850094380253184_n.jpg"" alt=""75328707_414363559474361_421850094380253184_n.jpg","Fresh creamy home made kheer ideal for milad","last Thursday · OL8 1AD","","",""
"file:///Users/paul/Dropbox/workInProgress/facebookmarketplace/webarchives/Newcastle%20Home%20made%20food%20-%20Facebook%20Search.html","£7","https://www.facebook.com/marketplace/search/?callsite=commerce_mktplace_www_hoisted_pdp&hoisted_item=541196636625364&query=Home+made+food&ref=global_search_marketplace_pill_tab","70861300_413096442593965_6838225767940227072_n.jpg"" alt=""70861300_413096442593965_6838225767940227072_n.jpg","home made lamb karahi with 2 roti free","over a week ago · M12 5","","",""
"file:///Users/paul/Dropbox/workInProgress/facebookmarketplace/webarchives/Newcastle%20Home%20made%20food%20-%20Facebook%20Search.html","£1","https://www.facebook.com/marketplace/search/?callsite=commerce_mktplace_www_hoisted_pdp&hoisted_item=498014487728150&query=Home+made+food&ref=global_search_marketplace_pill_tab","70734802_413095615927381_3333949701887098880_n.jpg"" alt=""70734802_413095615927381_3333949701887098880_n.jpg","home made fresh roti/chapati 3 for £1","over a week ago · M12 5","","",""
"file:///Users/paul/Dropbox/workInProgress/facebookmarketplace/webarchives/Newcastle%20Home%20made%20food%20-%20Facebook%20Search.html","£1","https://www.facebook.com/marketplace/search/?callsite=commerce_mktplace_www_hoisted_pdp&hoisted_item=2352636768392722&query=Home+made+food&ref=global_search_marketplace_pill_tab","65485080_2440066572893935_8218570365010444288_n.jpg"" alt=""65485080_2440066572893935_8218570365010444288_n.jpg","Home made roti/chapati","over a week ago · OL1 3","","",""
"file:///Users/paul/Dropbox/workInProgress/facebookmarketplace/webarchives/Newcastle%20Home%20made%20food%20-%20Facebook%20Search.html","£1","https://www.facebook.com/marketplace/search/?callsite=commerce_mktplace_www_hoisted_pdp&hoisted_item=405390807054663&query=Home+made+food&ref=global_search_marketplace_pill_tab","74504117_171090890620470_2056928776574468096_n.jpg"" alt=""74504117_171090890620470_2056928776574468096_n.jpg","Home made Rolls chicken /meat very tasty","over a week ago · OL10 4NN","","",""
"file:///Users/paul/Dropbox/workInProgress/facebookmarketplace/webarchives/Newcastle%20Home%20made%20food%20-%20Facebook%20Search.html","£20","https://www.facebook.com/marketplace/search/?callsite=commerce_mktplace_www_hoisted_pdp&hoisted_item=1295289487307476&query=Home+made+food&ref=global_search_marketplace_pill_tab","72354802_2404616116312801_3235701156759994368_o.jpg"" alt=""72354802_2404616116312801_3235701156759994368_o.jpg","Homemade food on call","over a week ago · BD9 6","","",""
"file:///Users/paul/Dropbox/workInProgress/facebookmarketplace/webarchives/Newcastle%20Home%20made%20food%20-%20Facebook%20Search.html","£20","https://www.facebook.com/marketplace/search/?callsite=commerce_mktplace_www_hoisted_pdp&hoisted_item=1555538674581873&query=Home+made+food&ref=global_search_marketplace_pill_tab","69243848_169811210866279_8486131232524992512_n.jpg"" alt=""69243848_169811210866279_8486131232524992512_n.jpg","50 Home Made (Meeno Triangle Shape Chicken n Veg Samosa) Available In Crumpsall Today.","over a week ago · M8 4QS","","",""
"file:///Users/paul/Dropbox/workInProgress/facebookmarketplace/webarchives/Newcastle%20Home%20made%20food%20-%20Facebook%20Search.html","£10","https://www.facebook.com/marketplace/search/?callsite=commerce_mktplace_www_hoisted_pdp&hoisted_item=414915206045879&query=Home+made+food&ref=global_search_marketplace_pill_tab","69447639_163238931523507_2000080164242849792_n.jpg"" alt=""69447639_163238931523507_2000080164242849792_n.jpg","20 Freshly Home Made Pastry (Meenos Special Aloo Channa Samosas)Available Now In Crumpsall.","over a week ago · M8 4QS","","",""
"file:///Users/paul/Dropbox/workInProgress/facebookmarketplace/webarchives/Newcastle%20Home%20made%20food%20-%20Facebook%20Search.html","£1","https://www.facebook.com/marketplace/search/?callsite=commerce_mktplace_www_hoisted_pdp&hoisted_item=847526825641007&query=Home+made+food&ref=global_search_marketplace_pill_tab","70600220_409171429653133_5449432300183879680_n.jpg"" alt=""70600220_409171429653133_5449432300183879680_n.jpg","home made paratha","over a week ago · M12 5","","",""
"file:///Users/paul/Dropbox/workInProgress/facebookmarketplace/webarchives/Newcastle%20Home%20made%20food%20-%20Facebook%20Search.html","£1","https://www.facebook.com/marketplace/search/?callsite=commerce_mktplace_www_hoisted_pdp&hoisted_item=632623313895020&query=Home+made+food&ref=global_search_marketplace_pill_tab","69333039_164399194740814_2572013320936620032_n.jpg"" alt=""69333039_164399194740814_2572013320936620032_n.jpg","Meenos Home Made Chicken Shami Kebab (2 for £1.)In Crumpsall.","over a week ago · M8 4QS","","",""
"file:///Users/paul/Dropbox/workInProgress/facebookmarketplace/webarchives/Newcastle%20Home%20made%20food%20-%20Facebook%20Search.html","£5","https://www.facebook.com/marketplace/search/?callsite=commerce_mktplace_www_hoisted_pdp&hoisted_item=3213503545356766&query=Home+made+food&ref=global_search_marketplace_pill_tab","70486191_410077362895873_3337370011978170368_o.jpg"" alt=""70486191_410077362895873_3337370011978170368_o.jpg","home made kheer","over a week ago · M12 5","","",""
"file:///Users/paul/Dropbox/workInProgress/facebookmarketplace/webarchives/Newcastle%20Home%20made%20food%20-%20Facebook%20Search.html","FREE","https://www.facebook.com/marketplace/search/?callsite=commerce_mktplace_www_hoisted_pdp&hoisted_item=2033826446740214&query=Home+made+food&ref=global_search_marketplace_pill_tab","65570319_2442827779284481_1721160096072859648_n.jpg"" alt=""65570319_2442827779284481_1721160096072859648_n.jpg","Home made delicious foods","over a week ago · OL1 3","","",""
"file:///Users/paul/Dropbox/workInProgress/facebookmarketplace/webarchives/Newcastle%20Home%20made%20food%20-%20Facebook%20Search.html","£20","https://www.facebook.com/marketplace/search/?callsite=commerce_mktplace_www_hoisted_pdp&hoisted_item=506014173528700&query=Home+made+food&ref=global_search_marketplace_pill_tab","71109663_169196990927701_830019008525762560_n.jpg"" alt=""71109663_169196990927701_830019008525762560_n.jpg","50 Freshly Home Made (Meeno Triangle Shape Samosas) Available Today In Crumpsall","over a week ago · M8 4QS","","",""
"file:///Users/paul/Dropbox/workInProgress/facebookmarketplace/webarchives/Newcastle%20Home%20made%20food%20-%20Facebook%20Search.html","£25","https://www.facebook.com/marketplace/search/?callsite=commerce_mktplace_www_hoisted_pdp&hoisted_item=1956889074439980&query=Home+made+food&ref=global_search_marketplace_pill_tab","71304748_169454320901968_1287181757078044672_n.jpg"" alt=""71304748_169454320901968_1287181757078044672_n.jpg","50 Freshly Home Made (Meeno Special Aloo Channa Samosas) Potatoes N Chickpeas Making On Order Now.","over a week ago · M8 4QS","","",""
"file:///Users/paul/Dropbox/workInProgress/facebookmarketplace/webarchives/Newcastle%20Home%20made%20food%20-%20Facebook%20Search.html","£1","https://www.facebook.com/marketplace/search/?callsite=commerce_mktplace_www_hoisted_pdp&hoisted_item=1196608493872189&query=Home+made+food&ref=global_search_marketplace_pill_tab","78101205_10156542201926957_9004949941713371136_o.jpg"" alt=""78101205_10156542201926957_9004949941713371136_o.jpg","Daffodils Coffee House -Local home made food","on Monday · Penrith","","",""
"file:///Users/paul/Dropbox/workInProgress/facebookmarketplace/webarchives/Newcastle%20Home%20made%20food%20-%20Facebook%20Search.html","£179,950","https://www.facebook.com/marketplace/search/?callsite=commerce_mktplace_www_hoisted_pdp&hoisted_item=718244108623248&query=Home+made+food&ref=global_search_marketplace_pill_tab","70779010_2411222845664567_8981493115265220608_o.jpg"" alt=""70779010_2411222845664567_8981493115265220608_o.jpg","6 bedroom detached house for sale","over a week ago ·","","",""
"file:///Users/paul/Dropbox/workInProgress/facebookmarketplace/webarchives/Newcastle%20Home%20made%20food%20-%20Facebook%20Search.html","£18","https://www.facebook.com/marketplace/search/?callsite=commerce_mktplace_www_hoisted_pdp&hoisted_item=1007212549611253&query=Home+made+food&ref=global_search_marketplace_pill_tab","74462634_10156636568165933_765359392575979520_n.jpg"" alt=""74462634_10156636568165933_765359392575979520_n.jpg","Daewoo Glass Soup Maker","last Thursday · NE5 3RN","","",""
"file:///Users/paul/Dropbox/workInProgress/facebookmarketplace/webarchives/Newcastle%20Home%20made%20food%20-%20Facebook%20Search.html","£15","https://www.facebook.com/marketplace/search/?callsite=commerce_mktplace_www_hoisted_pdp&hoisted_item=380220012599753&query=Home+made+food&ref=global_search_marketplace_pill_tab","60874000_2716019008468757_8133171550284152832_o.jpg"" alt=""60874000_2716019008468757_8133171550284152832_o.jpg","chicken pulao","over a week ago · NE2 4","","",""
"file:///Users/paul/Dropbox/workInProgress/facebookmarketplace/webarchives/Newcastle%20Home%20made%20food%20-%20Facebook%20Search.html","£18","https://www.facebook.com/marketplace/search/?callsite=commerce_mktplace_www_hoisted_pdp&hoisted_item=2618406338221181&query=Home+made+food&ref=global_search_marketplace_pill_tab","76919757_10157853557166165_3635514435369435136_n.jpg"" alt=""76919757_10157853557166165_3635514435369435136_n.jpg","Hand made Xmas eve boxes (30x20x13cm) can be personalised in anyway.","16 hours ago · CA3 8","","",""
"file:///Users/paul/Dropbox/workInProgress/facebookmarketplace/webarchives/Newcastle%20Home%20made%20food%20-%20Facebook%20Search.html","£4","https://www.facebook.com/marketplace/search/?callsite=commerce_mktplace_www_hoisted_pdp&hoisted_item=364295757571426&query=Home+made+food&ref=global_search_marketplace_pill_tab","67382371_2019696274803170_6462701023310905344_n.jpg"" alt=""67382371_2019696274803170_6462701023310905344_n.jpg","Home delivery or pick up BROWNIES","over a week ago · SR4 6","","",""
"file:///Users/paul/Dropbox/workInProgress/facebookmarketplace/webarchives/Newcastle%20Home%20made%20food%20-%20Facebook%20Search.html","£45","https://www.facebook.com/marketplace/search/?callsite=commerce_mktplace_www_hoisted_pdp&hoisted_item=488874031710895&query=Home+made+food&ref=global_search_marketplace_pill_tab","72162285_10156536226331466_4661071021275611136_n.jpg"" alt=""72162285_10156536226331466_4661071021275611136_n.jpg","Ikea toy kitchen and accessories","2 hours ago · TD12 4","","",""
"file:///Users/paul/Dropbox/workInProgress/facebookmarketplace/webarchives/Newcastle%20Home%20made%20food%20-%20Facebook%20Search.html","FREE","https://www.facebook.com/marketplace/search/?callsite=commerce_mktplace_www_hoisted_pdp&hoisted_item=929615927417068&query=Home+made+food&ref=global_search_marketplace_pill_tab","72799280_10215299426147974_1009311808411926528_n.jpg"" alt=""72799280_10215299426147974_1009311808411926528_n.jpg","Sweetie Bouquets","over a week ago · Wingate, Durham, United Kingdom","","",""
"file:///Users/paul/Dropbox/workInProgress/facebookmarketplace/webarchives/Newcastle%20Home%20made%20food%20-%20Facebook%20Search.html","£599","https://www.facebook.com/marketplace/search/?callsite=commerce_mktplace_www_hoisted_pdp&hoisted_item=661108521024880&query=Home+made+food&ref=global_search_marketplace_pill_tab","68412270_2266644190124148_3859086247838351360_n.jpg"" alt=""68412270_2266644190124148_3859086247838351360_n.jpg","CHICKEN SHAWARMA AND CHIPS/NAAN SALAD AND DRINK £5.99","over a week ago · NE2 4","","",""
"file:///Users/paul/Dropbox/workInProgress/facebookmarketplace/webarchives/Newcastle%20Home%20made%20food%20-%20Facebook%20Search.html","£8","https://www.facebook.com/marketplace/search/?callsite=commerce_mktplace_www_hoisted_pdp&hoisted_item=928177877549177&query=Home+made+food&ref=global_search_marketplace_pill_tab","72543914_2881353998558969_4466504948317683712_n.jpg"" alt=""72543914_2881353998558969_4466504948317683712_n.jpg","Cornbeef pie","over a week ago · TS1 5","","",""
"file:///Users/paul/Dropbox/workInProgress/facebookmarketplace/webarchives/Newcastle%20Home%20made%20food%20-%20Facebook%20Search.html","£1,234","https://www.facebook.com/marketplace/search/?callsite=commerce_mktplace_www_hoisted_pdp&hoisted_item=3268601049878098&query=Home+made+food&ref=global_search_marketplace_pill_tab","74302519_10159073538979922_2675698551631118336_n.jpg"" alt=""74302519_10159073538979922_2675698551631118336_n.jpg","Homemade with love","on Monday · TS16 0","","",""
"file:///Users/paul/Dropbox/workInProgress/facebookmarketplace/webarchives/Newcastle%20Home%20made%20food%20-%20Facebook%20Search.html","£123","https://www.facebook.com/marketplace/search/?callsite=commerce_mktplace_www_hoisted_pdp&hoisted_item=722124638270383&query=Home+made+food&ref=global_search_marketplace_pill_tab","74522433_686198351869334_2432022959322300416_n.jpg"" alt=""74522433_686198351869334_2432022959322300416_n.jpg","Lunch delivered to your door","over a week ago · Shottons bakery Ferryhill","","",""
"file:///Users/paul/Dropbox/workInProgress/facebookmarketplace/webarchives/Newcastle%20Home%20made%20food%20-%20Facebook%20Search.html","£1","https://www.facebook.com/marketplace/search/?callsite=commerce_mktplace_www_hoisted_pdp&hoisted_item=535241120565836&query=Home+made+food&ref=global_search_marketplace_pill_tab","71942132_2673167846069346_2643259402378805248_n.jpg"" alt=""71942132_2673167846069346_2643259402378805248_n.jpg","sunday dinners","over a week ago · Spennymoor","","",""
"file:///Users/paul/Dropbox/workInProgress/facebookmarketplace/webarchives/Newcastle%20Home%20made%20food%20-%20Facebook%20Search.html","£999","https://www.facebook.com/marketplace/search/?callsite=commerce_mktplace_www_hoisted_pdp&hoisted_item=456835458260461&query=Home+made+food&ref=global_search_marketplace_pill_tab","75435852_136268967704720_7825193326822293504_o.jpg"" alt=""75435852_136268967704720_7825193326822293504_o.jpg","HENKELMAN MINI JUMBO vacuum packer","on Sunday · Carlisle City, Carlisle","","",""
"file:///Users/paul/Dropbox/workInProgress/facebookmarketplace/webarchives/Newcastle%20Home%20made%20food%20-%20Facebook%20Search.html","£40","https://www.facebook.com/marketplace/search/?callsite=commerce_mktplace_www_hoisted_pdp&hoisted_item=462331097651424&query=Home+made+food&ref=global_search_marketplace_pill_tab","69560742_10157434871734153_3789800574153654272_n.jpg"" alt=""69560742_10157434871734153_3789800574153654272_n.jpg","Beautiful Hand Crafted Chopping / Cutting Board","over a week ago · TS25 5RE","","",""
"file:///Users/paul/Dropbox/workInProgress/facebookmarketplace/webarchives/Newcastle%20Home%20made%20food%20-%20Facebook%20Search.html","£30","https://www.facebook.com/marketplace/search/?callsite=commerce_mktplace_www_hoisted_pdp&hoisted_item=420578105522817&query=Home+made+food&ref=global_search_marketplace_pill_tab","76947461_10156662461027919_1871897054272290816_n.jpg"" alt=""76947461_10156662461027919_1871897054272290816_n.jpg","Limited Edition Cosy Wax Collection by Scentsy with giftbox","on Saturday · SR1 1","","",""
"file:///Users/paul/Dropbox/workInProgress/facebookmarketplace/webarchives/Newcastle%20Home%20made%20food%20-%20Facebook%20Search.html","£5","https://www.facebook.com/marketplace/search/?callsite=commerce_mktplace_www_hoisted_pdp&hoisted_item=659774181153393&query=Home+made+food&ref=global_search_marketplace_pill_tab","65770465_853056658404765_2725761055505514496_n.jpg"" alt=""65770465_853056658404765_2725761055505514496_n.jpg","proper Chicken biryani","over a week ago · NE4 9","","",""
"file:///Users/paul/Dropbox/workInProgress/facebookmarketplace/webarchives/Newcastle%20Home%20made%20food%20-%20Facebook%20Search.html","£2","https://www.facebook.com/marketplace/search/?callsite=commerce_mktplace_www_hoisted_pdp&hoisted_item=409884373258520&query=Home+made+food&ref=global_search_marketplace_pill_tab","73083081_10217487662836982_8633658334030856192_n.jpg"" alt=""73083081_10217487662836982_8633658334030856192_n.jpg","Christmas goodies","over a week ago · NE11 9","","",""
"file:///Users/paul/Dropbox/workInProgress/facebookmarketplace/webarchives/Newcastle%20Home%20made%20food%20-%20Facebook%20Search.html","£15","https://www.facebook.com/marketplace/search/?callsite=commerce_mktplace_www_hoisted_pdp&hoisted_item=692446567914555&query=Home+made+food&ref=global_search_marketplace_pill_tab","73399956_10157212038748645_1651429399351787520_n.jpg"" alt=""73399956_10157212038748645_1651429399351787520_n.jpg","Christmas Eve Box","over a week ago · DL14 7","","",""
"file:///Users/paul/Dropbox/workInProgress/facebookmarketplace/webarchives/Newcastle%20Home%20made%20food%20-%20Facebook%20Search.html","£45","https://www.facebook.com/marketplace/search/?callsite=commerce_mktplace_www_hoisted_pdp&hoisted_item=4006207246291346&query=Home+made+food&ref=global_search_marketplace_pill_tab","72536753_10156828180553282_1736595057483448320_o.jpg"" alt=""72536753_10156828180553282_1736595057483448320_o.jpg","Handmade Moon Gourd Lamp","over a week ago · CA2 5PU","","",""
"file:///Users/paul/Dropbox/workInProgress/facebookmarketplace/webarchives/Newcastle%20Home%20made%20food%20-%20Facebook%20Search.html","FREE","https://www.facebook.com/marketplace/search/?callsite=commerce_mktplace_www_hoisted_pdp&hoisted_item=995097744157482&query=Home+made+food&ref=global_search_marketplace_pill_tab","70226148_10214365700562966_5337910686909464576_n.jpg"" alt=""70226148_10214365700562966_5337910686909464576_n.jpg","💗💗💗Help Build My Page. 💗💗💗","over a week ago · Stockton-on-Tees","","",""
"file:///Users/paul/Dropbox/workInProgress/facebookmarketplace/webarchives/Newcastle%20Home%20made%20food%20-%20Facebook%20Search.html","£40","https://www.facebook.com/marketplace/search/?callsite=commerce_mktplace_www_hoisted_pdp&hoisted_item=473316670100397&query=Home+made+food&ref=global_search_marketplace_pill_tab","65871998_10100233090821115_3881827532734988288_o.jpg"" alt=""65871998_10100233090821115_3881827532734988288_o.jpg","Giant dog crate for airline travel","over a week ago · NE2 4","","",""
"file:///Users/paul/Dropbox/workInProgress/facebookmarketplace/webarchives/Newcastle%20Home%20made%20food%20-%20Facebook%20Search.html","£2","https://www.facebook.com/marketplace/search/?callsite=commerce_mktplace_www_hoisted_pdp&hoisted_item=565881040840749&query=Home+made+food&ref=global_search_marketplace_pill_tab","76605055_1565152446959411_4085141337383370752_n.jpg"" alt=""76605055_1565152446959411_4085141337383370752_n.jpg","Local Organic Seasonal Produce","last Wednesday · Marske-by-the-Sea","","",""
"file:///Users/paul/Dropbox/workInProgress/facebookmarketplace/webarchives/Newcastle%20Home%20made%20food%20-%20Facebook%20Search.html","£10","https://www.facebook.com/marketplace/search/?callsite=commerce_mktplace_www_hoisted_pdp&hoisted_item=386432275558108&query=Home+made+food&ref=global_search_marketplace_pill_tab","65318385_10162022243675344_3211383129239453696_o.jpg"" alt=""65318385_10162022243675344_3211383129239453696_o.jpg","20 Shami kebabs (chicken)","over a week ago · NE2 3","","",""
"file:///Users/paul/Dropbox/workInProgress/facebookmarketplace/webarchives/Newcastle%20Home%20made%20food%20-%20Facebook%20Search.html","£30","https://www.facebook.com/marketplace/search/?callsite=commerce_mktplace_www_hoisted_pdp&hoisted_item=894106957638021&query=Home+made+food&ref=global_search_marketplace_pill_tab","72484587_2481501785260503_6000613171335790592_n.jpg"" alt=""72484587_2481501785260503_6000613171335790592_n.jpg","Xmas hampers","over a week ago · TS11 7EP","","",""
"file:///Users/paul/Dropbox/workInProgress/facebookmarketplace/webarchives/Newcastle%20Home%20made%20food%20-%20Facebook%20Search.html","£12","https://www.facebook.com/marketplace/search/?callsite=commerce_mktplace_www_hoisted_pdp&hoisted_item=1162401233954264&query=Home+made+food&ref=global_search_marketplace_pill_tab","75242035_10156234191346082_8171994597191319552_n.jpg"" alt=""75242035_10156234191346082_8171994597191319552_n.jpg","Hand made scented Novelty Candles","over a week ago · TS17 0","","",""
"file:///Users/paul/Dropbox/workInProgress/facebookmarketplace/webarchives/Newcastle%20Home%20made%20food%20-%20Facebook%20Search.html","£10","https://www.facebook.com/marketplace/search/?callsite=commerce_mktplace_www_hoisted_pdp&hoisted_item=920547181612364&query=Home+made+food&ref=global_search_marketplace_pill_tab","68933060_531722137366702_5918452508547612672_n.jpg"" alt=""68933060_531722137366702_5918452508547612672_n.jpg","Large tray bakes","over a week ago · Parklands, Newcastle upon Tyne","","",""
"file:///Users/paul/Dropbox/workInProgress/facebookmarketplace/webarchives/Newcastle%20Home%20made%20food%20-%20Facebook%20Search.html","£16","https://www.facebook.com/marketplace/search/?callsite=commerce_mktplace_www_hoisted_pdp&hoisted_item=704959616686819&query=Home+made+food&ref=global_search_marketplace_pill_tab","71204535_397125367855518_763519776478724096_n.jpg"" alt=""71204535_397125367855518_763519776478724096_n.jpg","Christmas Eve unicorn pamper set","over a week ago · NE34 0SA","","",""
"file:///Users/paul/Dropbox/workInProgress/facebookmarketplace/webarchives/Newcastle%20Home%20made%20food%20-%20Facebook%20Search.html","£14","https://www.facebook.com/marketplace/search/?callsite=commerce_mktplace_www_hoisted_pdp&hoisted_item=922625208124315&query=Home+made+food&ref=global_search_marketplace_pill_tab","75327080_2881401668571853_8642761787797667840_o.jpg"" alt=""75327080_2881401668571853_8642761787797667840_o.jpg","Savisto Bamboo Chopping Board 3pcs Set","last Wednesday · Newcastle upon Tyne","","",""
"file:///Users/paul/Dropbox/workInProgress/facebookmarketplace/webarchives/Newcastle%20Home%20made%20food%20-%20Facebook%20Search.html","£1,280","https://www.facebook.com/marketplace/search/?callsite=commerce_mktplace_www_hoisted_pdp&hoisted_item=260908691512214&query=Home+made+food&ref=global_search_marketplace_pill_tab","75108952_10156459427021700_4889850189533151232_o.jpg"" alt=""75108952_10156459427021700_4889850189533151232_o.jpg","Friends share","over a week ago · TS1 3","","",""
"file:///Users/paul/Dropbox/workInProgress/facebookmarketplace/webarchives/Newcastle%20Home%20made%20food%20-%20Facebook%20Search.html","£1","https://www.facebook.com/marketplace/search/?callsite=commerce_mktplace_www_hoisted_pdp&hoisted_item=1331857470295588&query=Home+made+food&ref=global_search_marketplace_pill_tab","65111153_10216341601706020_6921146949177442304_n.jpg"" alt=""65111153_10216341601706020_6921146949177442304_n.jpg","Home made samosas (vegetable)","over a week ago · NE2 4","","",""
"file:///Users/paul/Dropbox/workInProgress/facebookmarketplace/webarchives/Newcastle%20Home%20made%20food%20-%20Facebook%20Search.html","£4","https://www.facebook.com/marketplace/search/?callsite=commerce_mktplace_www_hoisted_pdp&hoisted_item=453575415260734&query=Home+made+food&ref=global_search_marketplace_pill_tab","72343143_10217721368479063_2519581223475478528_n.jpg"" alt=""72343143_10217721368479063_2519581223475478528_n.jpg","Bathbombs","over a week ago · Chester le Street","","",""
"file:///Users/paul/Dropbox/workInProgress/facebookmarketplace/webarchives/Newcastle%20Home%20made%20food%20-%20Facebook%20Search.html","£50","https://www.facebook.com/marketplace/search/?callsite=commerce_mktplace_www_hoisted_pdp&hoisted_item=584371455436607&query=Home+made+food&ref=global_search_marketplace_pill_tab","75380422_532857347534877_7688596040911421440_o.jpg"" alt=""75380422_532857347534877_7688596040911421440_o.jpg","Static at Berwick (Haven Site) to rent","on Saturday · Consett","","",""
"file:///Users/paul/Dropbox/workInProgress/facebookmarketplace/webarchives/Newcastle%20Home%20made%20food%20-%20Facebook%20Search.html","£15","https://www.facebook.com/marketplace/search/?callsite=commerce_mktplace_www_hoisted_pdp&hoisted_item=2412693682324743&query=Home+made+food&ref=global_search_marketplace_pill_tab","73081543_10162466582705298_7727874779553726464_o.jpg"" alt=""73081543_10162466582705298_7727874779553726464_o.jpg","Children’s personalised Christmas Eve box","over a week ago · NE16 3ES","","",""
"file:///Users/paul/Dropbox/workInProgress/facebookmarketplace/webarchives/Newcastle%20Home%20made%20food%20-%20Facebook%20Search.html","£5","https://www.facebook.com/marketplace/search/?callsite=commerce_mktplace_www_hoisted_pdp&hoisted_item=429504990985000&query=Home+made+food&ref=global_search_marketplace_pill_tab","68513201_10162166684340451_357872884309295104_n.jpg"" alt=""68513201_10162166684340451_357872884309295104_n.jpg","NEW custom made 0.5 litre clear glass marshmallow clip jars - personalise with your own wording","over a week ago · TS19 0DJ","","",""
"file:///Users/paul/Dropbox/workInProgress/facebookmarketplace/webarchives/Newcastle%20Home%20made%20food%20-%20Facebook%20Search.html","£111","https://www.facebook.com/marketplace/search/?callsite=commerce_mktplace_www_hoisted_pdp&hoisted_item=2372171416431752&query=Home+made+food&ref=global_search_marketplace_pill_tab","74611521_696623720826797_5430763984313647104_n.jpg"" alt=""74611521_696623720826797_5430763984313647104_n.jpg","Emergency munch delivered to your door","over a week ago · Ferryhill","","",""
"file:///Users/paul/Dropbox/workInProgress/facebookmarketplace/webarchives/Newcastle%20Home%20made%20food%20-%20Facebook%20Search.html","FREE","https://www.facebook.com/marketplace/search/?callsite=commerce_mktplace_www_hoisted_pdp&hoisted_item=984282055243349&query=Home+made+food&ref=global_search_marketplace_pill_tab","71947421_2891132700914432_6006625038923464704_n.jpg"" alt=""71947421_2891132700914432_6006625038923464704_n.jpg","Home bakes","over a week ago · Middlesbrough","","",""
"file:///Users/paul/Dropbox/workInProgress/facebookmarketplace/webarchives/Newcastle%20Home%20made%20food%20-%20Facebook%20Search.html","FREE","https://www.facebook.com/marketplace/search/?callsite=commerce_mktplace_www_hoisted_pdp&hoisted_item=540138446529974&query=Home+made+food&ref=global_search_marketplace_pill_tab","72304147_10214495871857167_1708604154319994880_n.jpg"" alt=""72304147_10214495871857167_1708604154319994880_n.jpg","Representative","over a week ago · Middlesbrough","","",""
"file:///Users/paul/Dropbox/workInProgress/facebookmarketplace/webarchives/Newcastle%20Home%20made%20food%20-%20Facebook%20Search.html","£50","https://www.facebook.com/marketplace/search/?callsite=commerce_mktplace_www_hoisted_pdp&hoisted_item=579027855834423&query=Home+made+food&ref=global_search_marketplace_pill_tab","67229624_1044223775925587_1413982557594189824_o.jpg"" alt=""67229624_1044223775925587_1413982557594189824_o.jpg","haggerston castle holiday home hire","over a week ago · Haggerston Castle Holiday Park","","",""
"file:///Users/paul/Dropbox/workInProgress/facebookmarketplace/webarchives/Newcastle%20Home%20made%20food%20-%20Facebook%20Search.html","FREE","https://www.facebook.com/marketplace/search/?callsite=commerce_mktplace_www_hoisted_pdp&hoisted_item=709388099512195&query=Home+made+food&ref=global_search_marketplace_pill_tab","67691478_2400652906877058_4034455607984521216_o.jpg"" alt=""67691478_2400652906877058_4034455607984521216_o.jpg","New Butcher By The Sea, 47 Front Street, Newbiggin By The Sea NE64 4NJ","over a week ago · Newbiggin by the Sea","","",""
"file:///Users/paul/Dropbox/workInProgress/facebookmarketplace/webarchives/Newcastle%20Home%20made%20food%20-%20Facebook%20Search.html","FREE","https://www.facebook.com/marketplace/search/?callsite=commerce_mktplace_www_hoisted_pdp&hoisted_item=756738504739467&query=Home+made+food&ref=global_search_marketplace_pill_tab","75402037_2471164126492602_7676442486054584320_n.jpg"" alt=""75402037_2471164126492602_7676442486054584320_n.jpg","Payday SPECIALS at New Butcher by the Sea","over a week ago · Newbiggin by the Sea","","",""
"file:///Users/paul/Dropbox/workInProgress/facebookmarketplace/webarchives/Newcastle%20Home%20made%20food%20-%20Facebook%20Search.html","FREE","https://www.facebook.com/marketplace/search/?callsite=commerce_mktplace_www_hoisted_pdp&hoisted_item=3101649423238494&query=Home+made+food&ref=global_search_marketplace_pill_tab","74214437_2468885976720417_72821965072629760_n.jpg"" alt=""74214437_2468885976720417_72821965072629760_n.jpg","Pay day Special at New Butcher by the Sea","over a week ago · Newbiggin by the Sea","","",""
"file:///Users/paul/Dropbox/workInProgress/facebookmarketplace/webarchives/Newcastle%20Home%20made%20food%20-%20Facebook%20Search.html","£111","https://www.facebook.com/marketplace/search/?callsite=commerce_mktplace_www_hoisted_pdp&hoisted_item=2381281175469603&query=Home+made+food&ref=global_search_marketplace_pill_tab","75196486_684589078696928_1368253568347275264_n.jpg"" alt=""75196486_684589078696928_1368253568347275264_n.jpg","Beautiful lunch delivered to your door","over a week ago · Shottons bakery Ferryhill","","",""
"file:///Users/paul/Dropbox/workInProgress/facebookmarketplace/webarchives/Newcastle%20Home%20made%20food%20-%20Facebook%20Search.html","£20","https://www.facebook.com/marketplace/search/?callsite=commerce_mktplace_www_hoisted_pdp&hoisted_item=2335850176508818&query=Home+made+food&ref=global_search_marketplace_pill_tab","69363920_661151677700350_823598869936865280_n.jpg"" alt=""69363920_661151677700350_823598869936865280_n.jpg","Handmade chopping blocks","over a week ago · Northallerton","","",""
"file:///Users/paul/Dropbox/workInProgress/facebookmarketplace/webarchives/Newcastle%20Home%20made%20food%20-%20Facebook%20Search.html","£40","https://www.facebook.com/marketplace/search/?callsite=commerce_mktplace_www_hoisted_pdp&hoisted_item=1124981821028396&query=Home+made+food&ref=global_search_marketplace_pill_tab","68962721_10157434857074153_8142726671401746432_n.jpg"" alt=""68962721_10157434857074153_8142726671401746432_n.jpg","Beautiful Hand Crafter Chopping / Cutting Board","over a week ago · TS25 5RE","","",""
"file:///Users/paul/Dropbox/workInProgress/facebookmarketplace/webarchives/Newcastle%20Home%20made%20food%20-%20Facebook%20Search.html","£20","https://www.facebook.com/marketplace/search/?callsite=commerce_mktplace_www_hoisted_pdp&hoisted_item=1468079996690284&query=Home+made+food&ref=global_search_marketplace_pill_tab","72568363_407655920135796_4995170724730634240_n.jpg"" alt=""72568363_407655920135796_4995170724730634240_n.jpg","Ultimate Christmas Eve box","over a week ago · NE36 0","","",""
"file:///Users/paul/Dropbox/workInProgress/facebookmarketplace/webarchives/Newcastle%20Home%20made%20food%20-%20Facebook%20Search.html","£8","https://www.facebook.com/marketplace/search/?callsite=commerce_mktplace_www_hoisted_pdp&hoisted_item=2306150589639680&query=Home+made+food&ref=global_search_marketplace_pill_tab","67678679_2582994768412136_3390661455085830144_n.jpg"" alt=""67678679_2582994768412136_3390661455085830144_n.jpg","2 unusual lampshades hessian design","over a week ago · DL5 7","","",""
"file:///Users/paul/Dropbox/workInProgress/facebookmarketplace/webarchives/Newcastle%20Home%20made%20food%20-%20Facebook%20Search.html","£8","https://www.facebook.com/marketplace/search/?callsite=commerce_mktplace_www_hoisted_pdp&hoisted_item=524349891631593&query=Home+made+food&ref=global_search_marketplace_pill_tab","75220820_2511847772225904_7561495739440824320_n.jpg"" alt=""75220820_2511847772225904_7561495739440824320_n.jpg","All hand made Christmas gifts and decorations","over a week ago · TS11 7EP","Privacy · Terms","· Cookies","More"
